id,kind,amharic
"lex_ti_selam",word,"ሰላም"
"lex_ti_dehan",word,"ደሓን"
"lex_ti_yiqeneyeley",word,"የቐንየለይ"
"lex_ti_awo",word,"እወ"
"lex_ti_bejaka",word,"በጃኻ"
"lex_ti_yikreta",word,"ይቕሬታ"
"lex_ti_ane",word,"ኣነ"
"lex_ti_nsika",word,"ንስኻ"
"lex_ti_nsiki",word,"ንስኺ"
"lex_ti_nsu",word,"ንሱ"
"lex_ti_nsa",word,"ንሳ"
"lex_ti_nihna",word,"ንሕና"
"lex_ti_sim",word,"ስም"
"lex_ti_eritriya",word,"ኤርትራ"
"lex_ti_sidra",word,"ስድራ"
"lex_ti_ade",word,"ኣደ"
"lex_ti_abo",word,"ኣቦ"
"lex_ti_kolu",word,"ቆልዓ"
"lex_ti_haw",word,"ሓው"
"lex_ti_hafti",word,"ሓፍቲ"
"lex_ti_adki",word,"ዓርኪ"
"lex_ti_sebay",word,"ሰብኣይ"
"lex_ti_sebeyti",word,"ሰበይቲ"
"lex_ti_hitsan",word,"ሕጻን"
"lex_ti_sew",word,"ሰብ"
"lex_ti_zemed",word,"ዘመድ"
"lex_ti_zahl_1",word,"ሓደ"
"lex_ti_zahl_2",word,"ክልተ"
"lex_ti_zahl_3",word,"ሰለስተ"
"lex_ti_zahl_4",word,"ኣርባዕተ"
"lex_ti_zahl_5",word,"ሓሙሽተ"
"lex_ti_zahl_6",word,"ሽዱሽተ"
"lex_ti_zahl_7",word,"ሸውዓተ"
"lex_ti_zahl_8",word,"ሽሞንተ"
"lex_ti_zahl_9",word,"ትሽዓተ"
"lex_ti_zahl_10",word,"ዓሰርተ"
"lex_ti_mai",word,"ማይ"
"lex_ti_bun",word,"ቡን"
"lex_ti_bani",word,"ባኒ"
"lex_ti_tsibhi",word,"ጽብሒ"
"lex_ti_tseba",word,"ጸባ"
"lex_ti_berbere",word,"በርበረ"
"lex_ti_siga",word,"ስጋ"
"lex_ti_shai",word,"ሻሂ"
"lex_ti_mgbi",word,"ምግቢ"
"lex_ti_asa",word,"ኣሳ"
"lex_ti_sebeb",word,"ወትሩ"
"lex_ti_fatanm",word,"ፈጺሙ ኣይ"
"lex_ti_neber",word,"ሓደ ሓደ ግዜ"
"lex_ti_bezhat",word,"ብዙሕ ግዜ"
"lex_ti_hzey",word,"ሕጂ"
"lex_ti_dhrey",word,"ደሓር"
"lex_ti_qdmey",word,"ቅድሚ"
"lex_ti_dhrbti",word,"ድሕሪ"
"lex_ti_ntsu",word,"ገና"
"lex_ti_nay",word,"ናይ"
"lex_ti_kab",word,"ካብ"
"lex_ti_nab",word,"ናብ"
"lex_ti_kmzegen",word,"ከምኡ"
"lex_ti_bzuhat",word,"ብጣዕሚ"
"lex_ti_msli2",word,"ልክዕ ከም"
"lex_ti_kmnti",word,"ክንደይ"
"lex_ti_neger",word,"ነገር"
"lex_ti_bota4",word,"ቦታ"
"lex_ti_sw2",word,"ሰብ (ሓፈሻዊ)"
"lex_ti_hgi",word,"ሓሳብ (ርእይቶ)"
"lex_ti_shgr",word,"ጉዳይ"
"lex_ti_msal",word,"ምሳሌ"
"lex_ti_mlkt",word,"ምልክት"
"lex_ti_chgir",word,"ጸገም"
"lex_ti_mfth",word,"መፍትሒ"
"lex_ti_msruh",word,"ምኽንያት"
"lex_ti_hyl",word,"ዕድል (ተኽእሎ)"
"lex_ti_mrhb",word,"መርሓባ"
"lex_ti_ntay2",word,"እወ ብርግጽ"
"lex_ti_bkm",word,"ብኸምዚ"
"lex_ti_wey",word,"ወይ!"
"lex_ti_ande",word,"ኣንደይ!"
"lex_ti_hasa",word,"ሕራይ ደኣ"
"lex_ti_ysbh",word,"ዋእ!"
"lex_ti_hush",word,"ስቕ በል"
"lex_ti_nzr2",word,"ጽናሕ"
"lex_ti_nkm2",word,"ተጠንቀቕ"
"lex_ti_hgz",word,"ቀልጢፍካ!"
"lex_ti_hlkm",word,"ደሓን'ዩ"
"lex_ti_brvo",word,"ጽቡቕ ኢኻ ገይርካ"
"lex_ti_memhr",word,"መምህር"
"lex_ti_hakim",word,"ሓኪም"
"lex_ti_neurse",word,"ነርስ"
"lex_ti_gebari",word,"ሓረስታይ"
"lex_ti_negadi",word,"ነጋዳይ"
"lex_ti_sanay",word,"ሰራሕተኛ"
"lex_ti_shoferi",word,"ሹፌር"
"lex_ti_poliswa",word,"ፖሊስ"
"lex_ti_serawit",word,"ወተሃደር"
"lex_ti_nedafi",word,"ነዳዲ ኣጥፋኢ"
"lex_ti_bandi",word,"ገበቲ ገንዘብ"
"lex_ti_nedaki",word,"ጸሓፊ"
"lex_ti_gnbay",word,"ገንባይ"
"lex_ti_nsahi",word,"ሰዓሊ"
"lex_ti_muziqegna",word,"ሙዚቀኛ"
"lex_ti_tebay",word,"ጠባቢ"
"lex_ti_afetsari",word,"ኣፍራሲ"
"lex_ti_nagadi2",word,"ጠበቓ"
"lex_ti_kahin",word,"ካህን"
"lex_ti_imam",word,"ኢማም"
"lex_ti_selfi",word,"ስራሕ"
"lex_ti_kompani",word,"ትካል"
"lex_ti_ofisi",word,"ቤት ጽሕፈት"
"lex_ti_dmoz",word,"ደሞዝ"
"lex_ti_genzeb",word,"ገንዘብ"
"lex_ti_wagi",word,"ዋጋ"
"lex_ti_nakfa",word,"ናቕፋ"
"lex_ti_kredit",word,"ካርድ"
"lex_ti_kreyi",word,"ቅብሊት"
"lex_ti_hzumi",word,"ቅናሽ"
"lex_ti_beal",word,"ወነንቲ ድኳን"
"lex_ti_kruy",word,"ዓሚል"
"lex_ti_zeben",word,"ምዕዳግ"
"lex_ti_kesi",word,"ኩኸነ"
"lex_ti_kili2",word,"ክብደት"
"lex_ti_kilo",word,"ኪሎ"
"lex_ti_hbsti",word,"ባኒ (ገፎ)"
"lex_ti_injera",word,"ጣዕሚ"
"lex_ti_ficn",word,"ፍረታት"
"lex_ti_hxavi",word,"ኣሕምልቲ"
"lex_ti_bnbn",word,"ሙዝ"
"lex_ti_bomtabi",word,"ቲማቲም"
"lex_ti_shnkurti",word,"ሽጉርቲ"
"lex_ti_tsom",word,"ድንሽ"
"lex_ti_karot",word,"ካሮቲ"
"lex_ti_thli",word,"ኮክ"
"lex_ti_hamli",word,"ብርቱካን"
"lex_ti_tsom2",word,"ስንዴ"
"lex_ti_teff",word,"ጣፍ"
"lex_ti_mesli",word,"ጨው"
"lex_ti_atsni",word,"ማርሚላ"
"lex_ti_zeyti",word,"ዘይቲ"
"lex_ti_kibbi",word,"ጠስሚ"
"lex_ti_hakli",word,"ዕንቁላል"
"lex_ti_kolo",word,"ቆሎ"
"lex_ti_mesob",word,"መሶብ"
"lex_ti_jebna",word,"ብርጭቆ"
"lex_ti_tsahli",word,"ሸሓኒ"
"lex_ti_mankia",word,"ማንካ"
"lex_ti_katsna",word,"ካራ"
"lex_ti_fokceta",word,"ፎርኬታ"
"lex_ti_mtmt",word,"ሒሳብ"
"lex_ti_syns",word,"ስነ ፍልጠት"
"lex_ti_gogrfy",word,"ጆግራፊ"
"lex_ti_hstry",word,"ታሪኽ (ትምህርቲ)"
"lex_ti_byolgy",word,"ስነ ህይወት"
"lex_ti_kmst",word,"ኬሚስትሪ"
"lex_ti_fzks",word,"ፊዚክስ"
"lex_ti_sport2",word,"ስፖርት (ትምህርቲ)"
"lex_ti_fni",word,"ስነ ጥበብ"
"lex_ti_hawey",word,"ኣኮ"
"lex_ti_haltey",word,"ሓትኖ"
"lex_ti_wediHi",word,"ወዲ ሓው"
"lex_ti_gwadu",word,"ጓል ሓው"
"lex_ti_abay",word,"ዓባይ"
"lex_ti_abui",word,"ዓቢ"
"lex_ti_wedy",word,"ወዲ"
"lex_ti_gwal",word,"ጓል"
"lex_ti_habsha",word,"ኣማት"
"lex_ti_hama",word,"ሓማት"
"lex_ti_qerabet",word,"ቀረባ ዘመድ"
"lex_ti_teuledi",word,"ኣቦሓጎ"
"lex_ti_mengsty",word,"ውላድ"
"lex_ti_qeyih",word,"ቀይሕ"
"lex_ti_kokhay",word,"ሰማያዊ"
"lex_ti_qetsli",word,"ቀጠልያ"
"lex_ti_tsaada",word,"ጻዕዳ"
"lex_ti_kekhi",word,"ጸሊም"
"lex_ti_bicawi",word,"ብጫ"
"lex_ti_bruni",word,"ብሩን"
"lex_ti_wardi",word,"ወርዲ"
"lex_ti_bordo",word,"ወይናይ"
"lex_ti_bircuqawi",word,"ብርቱቃናዊ"
"lex_ti_ni'us",word,"ንእሽቶ"
"lex_ti_ab",word,"ዓቢ"
"lex_ti_neway",word,"ሓድሽ"
"lex_ti_teri",word,"ኣረጊት"
"lex_ti_deagi",word,"ጽቡቕ"
"lex_ti_kitsu",word,"ሕማቕ"
"lex_ti_neuh",word,"ነዊሕ"
"lex_ti_kutsri",word,"ሓጺር"
"lex_ti_kebdi",word,"ከቢድ"
"lex_ti_qelil",word,"ቀሊል"
"lex_ti_muk",word,"ሙቐት ዘለዎ"
"lex_ti_kezin",word,"ዝሑል"
"lex_ti_haruf",word,"ልዙብ"
"lex_ti_tsinu",word,"ተሪር"
"lex_ti_shitu",word,"ቅልጡፍ"
"lex_ti_zenab",word,"ደንጓዪ"
"lex_ti_kebir",word,"ኣገዳሲ"
"lex_ti_kwan",word,"ቀጥታዊ"
"lex_ti_kwadi",word,"ዝተጠውየ"
"lex_ti_kbub",word,"ክቡር"
"lex_ti_rikhis",word,"ሕሱር"
"lex_ti_sfihi",word,"ጽፉፍ"
"lex_ti_koshi",word,"ርኹስ"
"lex_ti_kbi",word,"ክቢ"
"lex_ti_seleste2",word,"ስሉስ ኩርናዕ"
"lex_ti_arba2",word,"ኣርባዕተ ኩርናዕ"
"lex_ti_medeb",word,"መስመር"
"lex_ti_nikot",word,"ነጥቢ"
"lex_ti_kefta",word,"ደው ዝበለ"
"lex_ti_werari2",word,"ዝገዘፈ"
"lex_ti_reqiq",word,"ቀጢን"
"lex_ti_mlue",word,"መሉእ"
"lex_ti_ryaam",word,"ሪጋም"
"lex_ti_kefti",word,"ክፉት"
"lex_ti_tsgu",word,"ዕጹው"
"lex_ti_qrbti",word,"ቀረባ"
"lex_ti_rieqi",word,"ርሑቕ"
"lex_ti_tsewata2",word,"ዕረፍቲ"
"lex_ti_kbti3",word,"በዓል ዕረፍቲ"
"lex_ti_frnda",word,"ፊልም"
"lex_ti_tyatr",word,"ትያትር"
"lex_ti_wgni",word,"ጓይላ"
"lex_ti_shmgl",word,"ዕድል"
"lex_ti_wnzr",word,"ካርታ ጸወታ"
"lex_ti_shtrnj",word,"ሻጥርንጅ"
"lex_ti_smcht",word,"ኣዝማች"
"lex_ti_wnzri",word,"ስእሊ ምስኣል"
"lex_ti_hagos",word,"ሓጎስ"
"lex_ti_hazani",word,"ሓዘን"
"lex_ti_qurtsi",word,"ሕርቃን"
"lex_ti_firhi",word,"ፍርሒ"
"lex_ti_tmhrti",word,"ሕጉስ"
"lex_ti_hazuni",word,"ዝሓዘነ"
"lex_ti_teklfi",word,"ደኺሙ"
"lex_ti_tqbi",word,"ጥሙይ"
"lex_ti_tmyu",word,"ጽምእ ኣለዎ"
"lex_ti_bezuh2",word,"ዝሓበነ"
"lex_ti_hafari",word,"ሕፍረት ዘለዎ"
"lex_ti_smerti",word,"ተገሪሙ"
"lex_ti_frhat",word,"ፍርሃት ዘለዎ"
"lex_ti_shgur",word,"ተሓጒሱ"
"lex_ti_werari",word,"ሓያል"
"lex_ti_dekami",word,"ድኹም"
"lex_ti_bahtawi",word,"ትዕግስቲ ዘለዎ"
"lex_ti_hidue",word,"ህዱእ"
"lex_ti_bhri",word,"ኣዝዩ ንቑሕ"
"lex_ti_qomi",word,"ትሑት"
"lex_ti_flgi",word,"ለዋህ"
"lex_ti_flgi2",word,"ጨካን"
"lex_ti_bahri2",word,"ብልሂ"
"lex_ti_dhri",word,"ደንቆሮ"
"lex_ti_hbti",word,"ህያብ"
"lex_ti_fkri",word,"ፍቕሪ"
"lex_ti_sllm",word,"ሰላም (ውሽጣዊ)"
"lex_ti_tsbhi",word,"ተስፋ"
"lex_ti_ertra",word,"ኤርትራ"
"lex_ti_asmera",word,"ኣስመራ"
"lex_ti_masewa",word,"ምጽዋዕ"
"lex_ti_kern",word,"ከረን"
"lex_ti_ityopia",word,"ኢትዮጵያ"
"lex_ti_sudan",word,"ሱዳን"
"lex_ti_jibuti",word,"ጅቡቲ"
"lex_ti_alem",word,"ዓለም"
"lex_ti_hagr",word,"ሃገር"
"lex_ti_kilil",word,"ዞባ"
"lex_ti_debub",word,"ደቡብ"
"lex_ti_semen",word,"ሰሜን"
"lex_ti_misrak",word,"ምብራቕ"
"lex_ti_mieraf",word,"ምዕራብ"
"lex_ti_kef",word,"ገምገም ባሕሪ"
"lex_ti_dhlk",word,"ደሴት"
"lex_ti_zigni",word,"ዝግኒ"
"lex_ti_shro",word,"ሽሮ"
"lex_ti_ful",word,"ፉል"
"lex_ti_tsebhi2",word,"ጸብሒ ስጋ"
"lex_ti_hlbet",word,"ሕልብትድ"
"lex_ti_tsebhidnH",word,"ጸብሒ ድንሽ"
"lex_ti_kicha",word,"ቂጣ"
"lex_ti_hmbsha",word,"ሕምበሻ"
"lex_ti_tirsi",word,"ጥርሲ"
"lex_ti_kfto",word,"ክፍቶ"
"lex_ti_teim",word,"ጥዑም"
"lex_ti_qtsu",word,"ቐራርነት ዘለዎ"
"lex_ti_mrar",word,"መሪር"
"lex_ti_kem3",word,"ህሩግ"
"lex_ti_chew2",word,"ጨው ዘለዎ"
"lex_ti_ymu",word,"ጥዑም ጨና ዘለዎ"
"lex_ti_ymu2",word,"ጨና"
"lex_ti_ymu3",word,"ሕማቕ ጨና"
"lex_ti_hmam",word,"ሕማም"
"lex_ti_kabi",word,"ቃንዛ"
"lex_ti_medhanit3",word,"መድሃኒት"
"lex_ti_hakim2",word,"ክሊኒክ"
"lex_ti_reisidem",word,"ርእሲ ቃንዛ"
"lex_ti_tsina",word,"ረስኒ"
"lex_ti_kwas",word,"ስዓል"
"lex_ti_kirstos",word,"ማህረምቲ"
"lex_ti_dnkr",word,"ወቕጢ ደም"
"lex_ti_hakim3",word,"መርመራ"
"lex_ti_shfawi",word,"ጥዑይ"
"lex_ti_hmumi",word,"ሓሚሙ"
"lex_ti_medhanitbet",word,"ቤት ፋርማሲ"
"lex_ti_snni2",word,"ስኒ ሓኪም"
"lex_ti_saweba",word,"ጠዓሙ (ጠጅ)"
"lex_ti_swa",word,"ስዋ"
"lex_ti_birra",word,"ቢራ"
"lex_ti_wine",word,"ወይኒ"
"lex_ti_shai2",word,"ማይ ኣራንሺ"
"lex_ti_mai2",word,"ማይ ዝሑል"
"lex_ti_maimuq",word,"ማይ ዝሙቐ"
"lex_ti_shai3",word,"ሻሂ ብጸባ"
"lex_ti_arki",word,"ዓረቂ"
"lex_ti_kesa",word,"ስተያ"
"lex_ti_geza",word,"ገዛ"
"lex_ti_kotari",word,"ክፍሊ (ገዛ)"
"lex_ti_bota",word,"ማዕጾ"
"lex_ti_meskot",word,"መስኮት"
"lex_ti_teret",word,"ጠረጴዛ"
"lex_ti_medya",word,"መንበር"
"lex_ti_arat",word,"ዓራት"
"lex_ti_medhanit",word,"ኩርናዕ"
"lex_ti_mesulal",word,"መስተብጽዖ"
"lex_ti_menaras",word,"መብራህቲ"
"lex_ti_shukhet",word,"ናሕሲ"
"lex_ti_gemgem",word,"መሬት (ገዛ)"
"lex_ti_kandil",word,"መንደቕ"
"lex_ti_medhanit2",word,"መደዓድዒ"
"lex_ti_shintibet",word,"ሽንቲ ቤት"
"lex_ti_metsibi",word,"ክሽነ"
"lex_ti_gnbar",word,"ኣቓልቦ (ገዛ)"
"lex_ti_gnhi",word,"ጀርዲን"
"lex_ti_deraki",word,"ደረጃ"
"lex_ti_kbti",word,"ቁልፊ"
"lex_ti_shatel",word,"ሻወር"
"lex_ti_saibon",word,"ሳሙና"
"lex_ti_shashira",word,"ሽጎማኖ"
"lex_ti_lidat",word,"ኮቦርታ"
"lex_ti_karpet",word,"ምንጻፍ"
"lex_ti_hzbi2",word,"ጽሬት ግበር"
"lex_ti_agsi",word,"ኣጋግሕ"
"lex_ti_hyci",word,"ሓጽብ (ኣቕሓ)"
"lex_ti_qwmi2",word,"ኣንጽፍ ዓራት"
"lex_ti_gnbi",word,"ሽርቢ ውሰድ"
"lex_ti_zbti2",word,"ጽረግ"
"lex_ti_hbti2",word,"ኣጠቢ"
"lex_ti_sqli2",word,"ኣጽርይ"
"lex_ti_frj",word,"ፍርጅ"
"lex_ti_mstm",word,"ምድጓ ናይ ምግቢ"
"lex_ti_frni",word,"ምድጓ (ባኒ)"
"lex_ti_msngt",word,"መሕጸቢት ክዳን"
"lex_ti_vntlt",word,"ፋን"
"lex_ti_msngd",word,"መጋገሪ"
"lex_ti_wnber",word,"ድስቲ"
"lex_ti_msdda",word,"ኩባያ"
"lex_ti_jbna2",word,"ጀበና"
"lex_ti_ktla",word,"ኣቕሓ ክሽነ"
"lex_ti_frsh",word,"ብራሽ ስኒ"
"lex_ti_mshamp",word,"ሻምፖ"
"lex_ti_msht2",word,"መመሽጢ"
"lex_ti_mnshfa",word,"ፎጣ"
"lex_ti_mraa",word,"ብርኪ ምሕጻብ"
"lex_ti_tsgri2",word,"ጸጕሪ ምሕጻብ"
"lex_ti_snni3",word,"ስኒ ምሕጻብ"
"lex_ti_hatsi",word,"ክዳን"
"lex_ti_kemis",word,"ቀሚሽ"
"lex_ti_shurbi",word,"ካልሲ"
"lex_ti_kondom",word,"ስረ"
"lex_ti_shemis",word,"ካምቻ"
"lex_ti_kap",word,"ኮፍያ"
"lex_ti_shukhi",word,"ሸሚዝ"
"lex_ti_kondoy",word,"ጫማ"
"lex_ti_qumtah",word,"ቁምጣ"
"lex_ti_kabat",word,"ጃኬት"
"lex_ti_netela",word,"ነጠላ"
"lex_ti_zeban",word,"ቀምቤላ"
"lex_ti_qenat",word,"ቅናት"
"lex_ti_menetsir",word,"መነጽር"
"lex_ti_seat",word,"ሰዓት"
"lex_ti_kurabat",word,"ክራባት"
"lex_ti_tsibqi",word,"ጓንቲ"
"lex_ti_shal",word,"ሻርባ"
"lex_ti_bereka",word,"ቦርሳ"
"lex_ti_qonjo",word,"ኩታ"
"lex_ti_reisi",word,"ርእሲ"
"lex_ti_geets",word,"ገጽ"
"lex_ti_ayni",word,"ዓይኒ"
"lex_ti_afu",word,"ኣፍ"
"lex_ti_afinca",word,"ኣፍንጫ"
"lex_ti_ezni",word,"እዝኒ"
"lex_ti_tsegri",word,"ጸጕሪ"
"lex_ti_kideda",word,"ከናፍር"
"lex_ti_sinni",word,"ስኒ"
"lex_ti_kuli",word,"ልሳን"
"lex_ti_kitfi",word,"ክሳድ"
"lex_ti_manki",word,"መንኩብ"
"lex_ti_ida",word,"ኢድ"
"lex_ti_ats'inbaha",word,"ኣጻብዕ"
"lex_ti_igri",word,"እግሪ"
"lex_ti_boro",word,"ብርኪ"
"lex_ti_hadhad",word,"ሓቖ"
"lex_ti_hangol",word,"ሕቖ"
"lex_ti_libbi",word,"ልቢ"
"lex_ti_edmi",word,"ኣዕጽምቲ"
"lex_ti_kebdi2",word,"ከብዲ"
"lex_ti_dem",word,"ደም"
"lex_ti_geldi",word,"ቆርበት"
"lex_ti_tsurri",word,"ጭዋዳ"
"lex_ti_habs",word,"ኣፍልቢ"
"lex_ti_amlaki",word,"ኣምላኽ"
"lex_ti_tsli3",word,"ጸሎት"
"lex_ti_bal2",word,"በዓል"
"lex_ti_fasika",word,"ፋሲካ"
"lex_ti_lidet",word,"ልደት"
"lex_ti_ramadan",word,"ረመዳን"
"lex_ti_neway3",word,"ባህሊ"
"lex_ti_lmd",word,"ልምዲ"
"lex_ti_meznagn",word,"መርዓ"
"lex_ti_lgo",word,"ልደት ዓመት"
"lex_ti_zeraf",word,"ሙዚቃ"
"lex_ti_krar",word,"ክራር"
"lex_ti_wata",word,"ዋጣ"
"lex_ti_tarik",word,"ታሪኽ"
"lex_ti_germaniya",word,"ጀርመን"
"lex_ti_swden",word,"ስዊድን"
"lex_ti_hollandi",word,"ሆላንድ"
"lex_ti_ingliz",word,"እንግሊዝ"
"lex_ti_faransa",word,"ፈረንሳ"
"lex_ti_italya",word,"ጣልያን"
"lex_ti_amerika",word,"ኣመሪካ"
"lex_ti_china",word,"ቻይና"
"lex_ti_india",word,"ህንዲ"
"lex_ti_saudi",word,"ስዑዲ ዓረብ"
"lex_ti_kenya",word,"ኬንያ"
"lex_ti_afrika",word,"ኣፍሪቃ"
"lex_ti_europa",word,"ኤውሮጳ"
"lex_ti_asia",word,"ኤስያ"
"lex_ti_wgnst",word,"ዜጋ"
"lex_ti_hzabi",word,"ቋንቋ ዓረብ"
"lex_ti_ngliz2",word,"ቋንቋ እንግሊዝ"
"lex_ti_tigrn",word,"ትግርኛ"
"lex_ti_amrgn",word,"ኣምሓርኛ"
"lex_ti_agri",word,"ሕርሻ"
"lex_ti_agdi",word,"ግራት"
"lex_ti_zerie",word,"ዘርኢ"
"lex_ti_asrha",word,"ምሕራስ"
"lex_ti_asisi",word,"ምእካብ"
"lex_ti_bahri3",word,"ጽገራይ"
"lex_ti_hntsi",word,"እኽሊ"
"lex_ti_bagi",word,"ዕፉን"
"lex_ti_bqola",word,"ባልደንጓ"
"lex_ti_qesel",word,"በለስ"
"lex_ti_wenz2",word,"ገረብ ፍረ"
"lex_ti_maiy",word,"ማይ ምስትያት"
"lex_ti_meter",word,"ሜትሮ"
"lex_ti_kilometer",word,"ኪሎ ሜትሮ"
"lex_ti_litri",word,"ሊትሮ"
"lex_ti_gram",word,"ግራም"
"lex_ti_degree",word,"ደረጃ ሙቐት"
"lex_ti_tselul",word,"ውርዲ"
"lex_ti_second2",word,"ግምጋም"
"lex_ti_ekulu",word,"ማዕረ"
"lex_ti_wisikh",word,"ስፍሓት"
"lex_ti_gemesh",word,"ንውሓት"
"lex_ti_dmts",word,"ደመር"
"lex_ti_klls",word,"ኣውጽእ (ቁጽሪ)"
"lex_ti_edn2",word,"ጥጡፍ"
"lex_ti_suf2",word,"ሱፍ"
"lex_ti_geldi2",word,"ቆርበት (ንብረት)"
"lex_ti_bret2",word,"ብርጭቆ (ንብረት)"
"lex_ti_plastik",word,"ላስቲክ"
"lex_ti_wraq",word,"ወረቐት (ንብረት)"
"lex_ti_kbti2",word,"ኣእማን (ንብረት)"
"lex_ti_seramik",word,"ስራሕ ሓመድ"
"lex_ti_gomma",word,"ላስቲክ ጎማ"
"lex_ti_kel",word,"ክኽእል"
"lex_ti_alebn",word,"ኣለዎ ግቡእ"
"lex_ti_fetu",word,"ይግባእ"
"lex_ti_fetu2",word,"ደለየ"
"lex_ti_frhu",word,"ተፈቕደሉ"
"lex_ti_kzykl",word,"ክኸውን ይኽእል"
"lex_ti_bilo",word,"ኢሉ"
"lex_ti_bhli",word,"በሃሊ"
"lex_ti_hswu",word,"ሓሰበ"
"lex_ti_gebri2",word,"ተረድአ"
"lex_ti_tselam",word,"ጸሓይ"
"lex_ti_wersiha",word,"ወርሒ"
"lex_ti_kokebti",word,"ኮኸብ"
"lex_ti_semay",word,"ሰማይ"
"lex_ti_dammena",word,"ደበና"
"lex_ti_zenab2",word,"ዝናብ"
"lex_ti_nifas",word,"ንፋስ"
"lex_ti_barad",word,"በረድ"
"lex_ti_kem",word,"ጎቦ"
"lex_ti_dorho2",word,"ጎላጉል"
"lex_ti_baHri",word,"ባሕሪ"
"lex_ti_wenz",word,"ፈለግ"
"lex_ti_haik",word,"ቀላይ"
"lex_ti_dej",word,"ጫካ"
"lex_ti_bereka2",word,"በረኻ"
"lex_ti_meret",word,"መሬት"
"lex_ti_dinsi",word,"ኣእማን"
"lex_ti_hutsi",word,"ሑጻ"
"lex_ti_ayer",word,"ኣየር"
"lex_ti_essat",word,"ሓዊ"
"lex_ti_fikara",word,"ቀስተ ደመና"
"lex_ti_bruk",word,"መብረቕ"
"lex_ti_kalti",word,"ነጐድጓድ"
"lex_ti_hara",word,"ቆጽሊ"
"lex_ti_gereb",word,"ገረብ"
"lex_ti_hasas",word,"ሳዕሪ"
"lex_ti_abeba",word,"ዕንባባ"
"lex_ti_zahl_11",word,"ዓሰርተ ሓደ"
"lex_ti_zahl_12",word,"ዓሰርተ ክልተ"
"lex_ti_zahl_13",word,"ዓሰርተ ሰለስተ"
"lex_ti_zahl_14",word,"ዓሰርተ ኣርባዕተ"
"lex_ti_zahl_15",word,"ዓሰርተ ሓሙሽተ"
"lex_ti_zahl_16",word,"ዓሰርተ ሽዱሽተ"
"lex_ti_zahl_17",word,"ዓሰርተ ሸውዓተ"
"lex_ti_zahl_18",word,"ዓሰርተ ሽሞንተ"
"lex_ti_zahl_19",word,"ዓሰርተ ትሽዓተ"
"lex_ti_zahl_20",word,"ዕስራ"
"lex_ti_zahl_30",word,"ሰላሳ"
"lex_ti_zahl_40",word,"ኣርብዓ"
"lex_ti_zahl_50",word,"ሓምሳ"
"lex_ti_zahl_60",word,"ስሳ"
"lex_ti_zahl_70",word,"ሰብዓ"
"lex_ti_zahl_80",word,"ሰማንያ"
"lex_ti_zahl_90",word,"ትስዓ"
"lex_ti_zahl_100",word,"ሚእቲ"
"lex_ti_zahl_1000",word,"ሽሕ"
"lex_ti_zero",word,"ባዶ"
"lex_ti_kemal",word,"ቀዳማይ"
"lex_ti_kalay",word,"ካልኣይ"
"lex_ti_salsay",word,"ሳልሳይ"
"lex_ti_rabay",word,"ራብዓይ"
"lex_ti_hamsay",word,"ሓምሻይ"
"lex_ti_kifli",word,"ክፍሊ"
"lex_ti_nusi",word,"ፍርቂ"
"lex_ti_ridfi",word,"ርብዒ"
"lex_ti_kolel",word,"ኩሉ"
"lex_ti_nikuy",word,"ውሑድ"
"lex_ti_beziH",word,"ብዙሕ"
"lex_ti_shdsy",word,"ሻድሻይ"
"lex_ti_shwty",word,"ሻውዓይ"
"lex_ti_shmny",word,"ሻምናይ"
"lex_ti_tshty",word,"ታሽዓይ"
"lex_ti_ashry",word,"ዓስራይ"
"lex_ti_kdmeti",word,"ቅድሚ ትማሊ"
"lex_ti_dhrtsb",word,"ድሕሪ ጽባሕ"
"lex_ti_zhsmn",word,"ዝሓለፈ ሰሙን"
"lex_ti_zmts",word,"ዝመጽእ ሰሙን"
"lex_ti_zhwr",word,"ዝሓለፈ ወርሒ"
"lex_ti_zmwr",word,"ዝመጽእ ወርሒ"
"lex_ti_zhamt",word,"ዝሓለፈ ዓመት"
"lex_ti_zmamt",word,"ዝመጽእ ዓመት"
"lex_ti_dehankunu",word,"ደሓን ኩኑ"
"lex_ti_kesela",word,"ደሓን ሓደር"
"lex_ti_dhnbot",word,"ደሓን ንበር"
"lex_ti_bruk_mb",word,"እንቋዕ ደሓን መጻእካ"
"lex_ti_kemzi",word,"ከመይ ኣለኻ"
"lex_ti_kmzk",word,"ከመይ ኣለኺ"
"lex_ti_hsbka",word,"ስመይ ... እዩ"
"lex_ti_bjkash",word,"በጃኺ"
"lex_ti_yiqnkm",word,"የቐንየለይ ብጣዕሚ"
"lex_ti_gebia",word,"ጸገም የለን"
"lex_ti_hraum",word,"ሕራይ"
"lex_ti_alkonm",word,"ኣይፋልን"
"lex_ti_kemzo",word,"ጽቡቕ ቀትሪ"
"lex_ti_tsbtsb",word,"ጽቡቕ ንግሆ"
"lex_ti_tsbms",word,"ጽቡቕ ምሸት"
"lex_ti_hzkm",word,"ይቕሬታ ግበረለይ"
"lex_ti_tsbqal",word,"ደስ ይብለኒ"
"lex_ti_igzabh",word,"እግዚኣብሔር ይመስገን"
"lex_ti_zeyey",word,"ናተይ"
"lex_ti_zekha",word,"ናትካ"
"lex_ti_zekhi",word,"ናትኪ"
"lex_ti_zesu",word,"ናቱ"
"lex_ti_zesa",word,"ናታ"
"lex_ti_zena",word,"ናትና"
"lex_ti_zeatom",word,"ናትኩም"
"lex_ti_zehm",word,"ናቶም"
"lex_ti_ntkm",word,"ንስኹም"
"lex_ti_ntmm",word,"ንሶም"
"lex_ti_zbdu",word,"ባዕለይ"
"lex_ti_hzu",word,"እዚ"
"lex_ti_hzy",word,"እቲ"
"lex_ti_hzo",word,"እዚኦም"
"lex_ti_mengsti",word,"መንግስቲ"
"lex_ti_president",word,"ፕረዚደንት"
"lex_ti_hgi2",word,"ሕጊ"
"lex_ti_fdi",word,"ናጽነት"
"lex_ti_hzbi",word,"ህዝቢ"
"lex_ti_mrhba2",word,"መረጻ"
"lex_ti_gnzabi2",word,"ባጤራ"
"lex_ti_dngi",word,"ደንቢ"
"lex_ti_snd2",word,"ስንዲቕ"
"lex_ti_wr2",word,"ውግእ"
"lex_ti_rstrnt",word,"ቤት መግቢ"
"lex_ti_menu2",word,"ዝርዝር ምግቢ"
"lex_ti_ordr",word,"ትእዛዝ"
"lex_ti_wetr",word,"ኣገልጋሊ"
"lex_ti_hisab",word,"ሕሳብ"
"lex_ti_trynkg",word,"ጠረጴዛ ምሓዝ"
"lex_ti_tqmi",word,"ጥዑም ይኹን"
"lex_ti_werqi",word,"ወርቂ"
"lex_ti_biret2",word,"ብሩር"
"lex_ti_snsl",word,"ስንሰለት"
"lex_ti_qelbi",word,"ቀለቤት"
"lex_ti_gngil",word,"ቀለቤት እዝኒ"
"lex_ti_habi2",word,"ኣቁሑት ወርቂ"
"lex_ti_dngil",word,"ኣልማዝ"
"lex_ti_metsihaf",word,"መጽሓፍ"
"lex_ti_ebiy",word,"ብርዒ"
"lex_ti_wereqet",word,"ወረቐት"
"lex_ti_tsihfet",word,"ጽሕፈት"
"lex_ti_timhirti",word,"ትምህርቲ"
"lex_ti_tsanaf",word,"ተምሃራይ"
"lex_ti_krebi",word,"ሕቶ"
"lex_ti_mlsi",word,"መልሲ"
"lex_ti_fntn",word,"ፈተነ"
"lex_ti_tsibqi2",word,"ቋንቋ"
"lex_ti_mzgb",word,"ቤት መጽሓፍቲ"
"lex_ti_krsi",word,"ኮርስ"
"lex_ti_mahtot",word,"ማህደረ ትምህርቲ"
"lex_ti_snbti",word,"ስእሊ"
"lex_ti_hasab",word,"ሓሳብ"
"lex_ti_kem2",word,"ቁጽሪ"
"lex_ti_fdli",word,"ፊደል"
"lex_ti_qal",word,"ቃል"
"lex_ti_bzhi",word,"ብርሃን"
"lex_ti_tsli5",word,"ጸልማት"
"lex_ti_dmts2",word,"ድምጺ"
"lex_ti_htsu",word,"ህድኣት"
"lex_ti_hmzn",word,"ዓው ዝበለ"
"lex_ti_zqti",word,"ህዱእ ዝበለ ድምጺ"
"lex_ti_ntsu2",word,"ብሩህ"
"lex_ti_tslm2",word,"ጸልማት (ቅጽል)"
"lex_ti_nkhi",word,"ንኪ"
"lex_ti_shmi",word,"ሽትት"
"lex_ti_kwas2",word,"ኩዕሶ እግሪ"
"lex_ti_kws",word,"ኩዕሶ"
"lex_ti_gugsi",word,"ጉያ"
"lex_ti_wnah",word,"ምሕምባስ"
"lex_ti_gnzabi",word,"ጸወታ"
"lex_ti_wdaj",word,"ውድድር"
"lex_ti_haykol",word,"ጋንታ"
"lex_ti_wta",word,"ዓወት"
"lex_ti_hzimni",word,"ስዕረት"
"lex_ti_shama",word,"ብሽክለታ ምንዳድ"
"lex_ti_ridfi2",word,"ምንባር (ጡብ)"
"lex_ti_hzn",word,"ኵዕሶ ኢድ"
"lex_ti_ketema",word,"ከተማ"
"lex_ti_agar",word,"ዓዲ"
"lex_ti_ketema2",word,"ዕዳጋ"
"lex_ti_dukan",word,"ድኳን"
"lex_ti_bota2",word,"ቤት ትምህርቲ"
"lex_ti_teklay",word,"ቤት ማሕተም"
"lex_ti_eklesia",word,"ቤተ ክርስትያን"
"lex_ti_mesgid",word,"መስጊድ"
"lex_ti_bota3",word,"ፓርክ"
"lex_ti_hotel",word,"ሆቴል"
"lex_ti_baynkabota",word,"ባንክ"
"lex_ti_gebri",word,"ናብ የማን"
"lex_ti_tsegam",word,"ናብ ጸጋም"
"lex_ti_qeddemi",word,"ንቕድሚት"
"lex_ti_kesab",word,"ንድሕሪት"
"lex_ti_lieli",word,"ኣብ ልዕሊ"
"lex_ti_taHti",word,"ኣብ ትሕቲ"
"lex_ti_kbet",word,"ኣብ ውሽጢ"
"lex_ti_neway2",word,"ኣብ ጥቓ"
"lex_ti_manew",word,"ኣበይ"
"lex_ti_naab",word,"ናበይ"
"lex_ti_mtsi",word,"መዓስ"
"lex_ti_kemey",word,"ከመይ"
"lex_ti_ntay",word,"እንታይ"
"lex_ti_menu",word,"መን"
"lex_ti_lmnti",word,"ስለምንታይ"
"lex_ti_telefon",word,"ተሌፎን"
"lex_ti_kompiuter",word,"ኮምፒተር"
"lex_ti_intrnet",word,"ኢንተርነት"
"lex_ti_msgbi",word,"መልእኽቲ"
"lex_ti_slti",word,"ስእሊ (ካሜራ)"
"lex_ti_video",word,"ቪድዮ"
"lex_ti_radiyo",word,"ራድዮ"
"lex_ti_tlvzn",word,"ተለቪዥን"
"lex_ti_bateri",word,"ባትሪ"
"lex_ti_koretsi",word,"ኤለትሪክ"
"lex_ti_mekina2",word,"ማሽን"
"lex_ti_softi",word,"ሶፍትዌር"
"lex_ti_hbrti",word,"ገጻት ማሕበራዊ"
"lex_ti_wifi",word,"ገመድ ኣልቦ"
"lex_ti_kelbi",word,"ከልቢ"
"lex_ti_dmu",word,"ድሙ"
"lex_ti_faras",word,"ፈረስ"
"lex_ti_lam",word,"ላም"
"lex_ti_bereh",word,"ኣባጊዕ"
"lex_ti_fyel",word,"ጤል"
"lex_ti_gemel",word,"ገመል"
"lex_ti_awdi",word,"ኣድጊ"
"lex_ti_dorho",word,"ደርሆ"
"lex_ti_asa2",word,"ዓሳ"
"lex_ti_ayit",word,"ኣንበሳ"
"lex_ti_nebri",word,"ነብሪ"
"lex_ti_zihinba",word,"ሓርማዝ"
"lex_ti_ansisa",word,"ህበይ"
"lex_ti_kend",word,"ቀኒዕ"
"lex_ti_arinba",word,"ኣንበጣ"
"lex_ti_nihbi",word,"ንህቢ"
"lex_ti_zbb",word,"ዝቡብ"
"lex_ti_bakhak",word,"በቐቅ"
"lex_ti_kobkob",word,"ተመን"
"lex_ti_agame",word,"ኣንጭዋ"
"lex_ti_kudkud",word,"ድሙ በረኻ"
"lex_ti_shelil",word,"ተኹላ"
"lex_ti_kolkol",word,"ወኻርያ"
"lex_ti_anfar",word,"ሓረገ"
"lex_ti_regabi",word,"ርግቢ"
"lex_ti_ntsuh",word,"ኣንስርታት"
"lex_ti_arwe",word,"ኣራዊት"
"lex_ti_kurkur",word,"ኣንበሳ ባሕሪ"
"lex_ti_dolfin",word,"ዶልፊን"
"lex_ti_kirshi",word,"ገበል"
"lex_ti_tsits",word,"በራድ"
"lex_ti_zbb2",word,"በልዐ"
"lex_ti_shrit",word,"ሳሬት"
"lex_ti_kwakwa",word,"ጨው ዝብል ዑፍ"
"lex_ti_kurkuro",word,"ዝንጭሮ"
"lex_ti_hbey",word,"ህበይ ዓቢ"
"lex_ti_seus",word,"ሱፍ ዝለበሰ በጊዕ"
"lex_ti_wesha",word,"ኩርኩር"
"lex_ti_dmuHzi",word,"ድሙ ንእሽቶ"
"lex_ti_ntfi",word,"ክንፊ"
"lex_ti_zenab3",word,"ጭራ"
"lex_ti_zria",word,"ዘሪያ"
"lex_ti_jelabya",word,"ጀለብያ"
"lex_ti_gebi",word,"ዓቢ ነጠላ"
"lex_ti_krosh",word,"ጥልፊ"
"lex_ti_sndl",word,"ኮንጎ"
"lex_ti_hidmo",word,"ህድሞ"
"lex_ti_agelglo",word,"ዓግሎ"
"lex_ti_bilu",word,"ብላዕ"
"lex_ti_sitay",word,"ስተይ"
"lex_ti_dqs",word,"ደቅስ"
"lex_ti_tesi",word,"ተንስእ"
"lex_ti_hid",word,"ኪድ"
"lex_ti_na",word,"ንዓ"
"lex_ti_rikbi",word,"ጎዪ"
"lex_ti_tsni",word,"ተቐመጥ"
"lex_ti_qom",word,"ደው በል"
"lex_ti_rey",word,"ርአ"
"lex_ti_sma",word,"ስማዕ"
"lex_ti_dgim",word,"ተዛረብ"
"lex_ti_anbib",word,"ኣንብብ"
"lex_ti_tsehaf",word,"ጽሓፍ"
"lex_ti_zekri",word,"ዘክር"
"lex_ti_gber",word,"ግበር"
"lex_ti_fitu",word,"ፍጠር"
"lex_ti_habi",word,"ሃብ"
"lex_ti_wesd",word,"ውሰድ"
"lex_ti_zebin",word,"ዓድግ"
"lex_ti_shet",word,"ሽጥ"
"lex_ti_feluy",word,"ፍለጥ"
"lex_ti_frdi",word,"ፍቶ"
"lex_ti_tsli",word,"ጸልእ"
"lex_ti_frih",word,"ፍራህ"
"lex_ti_hazun",word,"ሓዘን"
"lex_ti_tehagesi",word,"ተሓጎስ"
"lex_ti_srhi",word,"ስራሕ"
"lex_ti_temehri",word,"ተማሃር"
"lex_ti_awri",word,"ኣምህር"
"lex_ti_tselayi",word,"ጻወት"
"lex_ti_zemri",word,"ደርፍ"
"lex_ti_rqdi",word,"ስዓድ"
"lex_ti_tsli2",word,"ጸሊ"
"lex_ti_amni",word,"ኣመን"
"lex_ti_hjz",word,"ሕጸብ"
"lex_ti_nsHi",word,"ንጻህ"
"lex_ti_bsli",word,"ብሱል ግበር"
"lex_ti_kfti",word,"ክፈት"
"lex_ti_tsegwi",word,"ዕጸው"
"lex_ti_hzi",word,"ሓዝ"
"lex_ti_hddgi",word,"ደግፍ"
"lex_ti_lki",word,"ልኣኽ"
"lex_ti_rekbi",word,"ትረኽ"
"lex_ti_hzri",word,"ደሊ"
"lex_ti_ftni",word,"ጸንሕ"
"lex_ti_msli",word,"ተመለስ"
"lex_ti_dhi",word,"ጀምር"
"lex_ti_wdai",word,"ወድእ"
"lex_ti_gzi",word,"ገዝእ"
"lex_ti_kfli",word,"ክፈል"
"lex_ti_hdgi",word,"ሓድግ"
"lex_ti_flti",word,"ውለድ"
"lex_ti_mwti",word,"ሙት"
"lex_ti_hywi",word,"ንበር"
"lex_ti_frqi",word,"ፍረድ"
"lex_ti_wrri",word,"ውረድ"
"lex_ti_edgi",word,"ዓረግ"
"lex_ti_hzki",word,"ኣርኢ"
"lex_ti_kfli2",word,"ምረጽ"
"lex_ti_hwsi",word,"ቀይር"
"lex_ti_tsri",word,"ኣቐምጥ"
"lex_ti_zbti",word,"ኣንቅል"
"lex_ti_nkli",word,"ተንቀሳቐስ"
"lex_ti_qwmi",word,"ኣልዕል"
"lex_ti_wdqi",word,"ውደቕ"
"lex_ti_wgai",word,"ቅለብ"
"lex_ti_frqi2",word,"ብረር"
"lex_ti_shni",word,"ሓምብስ"
"lex_ti_slmi",word,"ስዓም"
"lex_ti_hzti",word,"ሓቖፍ"
"lex_ti_sqli",word,"ስሓቅ"
"lex_ti_bkyi",word,"ብኪ"
"lex_ti_zmri2",word,"ደውል"
"lex_ti_ftsi",word,"ኣዳምጽ"
"lex_ti_ansbi",word,"ኣንብብ (ደገም)"
"lex_ti_gyzi",word,"ተጓዓዝ"
"lex_ti_msni",word,"ተላለ"
"lex_ti_wnzi",word,"ኣላልይ"
"lex_ti_hlwi",word,"ተስፋ ግበር"
"lex_ti_tsli4",word,"ተመን"
"lex_ti_hlmi",word,"ሕልሚ ርአ"
"lex_ti_mekina",word,"መኪና"
"lex_ti_awtobus",word,"ኣውቶቡስ"
"lex_ti_babur",word,"ባቡር"
"lex_ti_aeroplan",word,"ነፋሪት"
"lex_ti_merkeb",word,"መርከብ"
"lex_ti_biskil",word,"ብሽክለታ"
"lex_ti_motor",word,"ቱግቱግ"
"lex_ti_menged",word,"መገዲ"
"lex_ti_gemgma",word,"ድልድል"
"lex_ti_maerabi",word,"ማዕረፎ ነፈርቲ"
"lex_ti_tketa",word,"ትኬት"
"lex_ti_mahayer",word,"መንበሪ ጣብያ"
"lex_ti_gimzi",word,"ጉዕዞ"
"lex_ti_kartazafi",word,"ፓስፖርት"
"lex_ti_valizi",word,"ሳንጣ"
"lex_ti_alem2",word,"ጠፈር"
"lex_ti_planet",word,"ፕላኔት"
"lex_ti_meret2",word,"ምድሪ (ፕላኔት)"
"lex_ti_hzbti",word,"ጋላክሲ"
"lex_ti_astro",word,"ጠፈርተኛ"
"lex_ti_kwkbti",word,"ኣስተር"
"lex_ti_maresha",word,"ማረሻ"
"lex_ti_martsawo",word,"መጥረቢ"
"lex_ti_mesamer",word,"መስፈሪ"
"lex_ti_mensha",word,"መጋዝ"
"lex_ti_mokecha",word,"መዶሻ"
"lex_ti_msmr",word,"ሚስማር"
"lex_ti_vidi",word,"ዊደት"
"lex_ti_habil",word,"ገመድ"
"lex_ti_shamma",word,"ኩዕሶ ብረት"
"lex_ti_edn",word,"ዕንጨይቲ"
"lex_ti_ashewa",word,"ኣስመንቶ"
"lex_ti_beret",word,"ብረት"
"lex_ti_setti",word,"ሰዓት (ግዜ)"
"lex_ti_deqiqa",word,"ደቒቕ"
"lex_ti_sekond",word,"ካልኢት"
"lex_ti_mieti",word,"መዓልቲ"
"lex_ti_lelit",word,"ለይቲ"
"lex_ti_seub",word,"ሰሙን"
"lex_ti_wer",word,"ወርሒ (ግዜ)"
"lex_ti_amet",word,"ዓመት"
"lex_ti_sini",word,"ሰኑይ"
"lex_ti_selus",word,"ሠሉስ"
"lex_ti_rabu",word,"ረቡዕ"
"lex_ti_hamus",word,"ኣርባዕተ (ዕለት)"
"lex_ti_arbi",word,"ዓርቢ"
"lex_ti_kudam",word,"ቀዳም"
"lex_ti_senbet",word,"ሰንበት"
"lex_ti_tsebah",word,"ንግሆ"
"lex_ti_kelede",word,"ቀትሪ"
"lex_ti_dehri",word,"ድሕሪ ቐትሪ"
"lex_ti_meariti",word,"ምሸት"
"lex_ti_zeban2",word,"ሎሚ"
"lex_ti_tsebahi",word,"ጽባሕ"
"lex_ti_timali",word,"ትማሊ"
"lex_ti_kiremti",word,"ክረምቲ"
"lex_ti_hagay",word,"ሓጋይ"
"lex_ti_tseday",word,"ጸደይ"
"lex_ti_kayti",word,"ብርድ ግዜ"
"lex_ti_shefu",word,"ሓለቓ"
"lex_ti_hbrto",word,"መሳርሕቲ"
"lex_ti_shgl2",word,"ቃለ መጠይቕ"
"lex_ti_kv2",word,"ናይ ስራሕ ተመኩሮ"
"lex_ti_ognz",word,"ኣኼባ"
"lex_ti_prjct",word,"ፕሮጀክት"
"lex_ti_dedb",word,"ዕለት መወዳእታ"
"lex_ti_izini",word,"ዕረፍቲ (ስራሕ)"
"lex_ti_mlyni",word,"ሚልዮን"
"lex_ti_blyni",word,"ቢልዮን"
"lex_ti_sygni",word,"ምልክት ናይ ኮኸብ"
"lex_ti_orbt",word,"ዙረት"
"lex_ti_krzr",word,"ብርሃን ኮኸብ"
"lex_ti_frenza",word,"ፍትወት"
"lex_ti_srhbi",word,"ዕርክነት"
"lex_ti_frid",word,"ፍትሕ"
"lex_ti_mekyd",word,"ብጻይ"
"lex_ti_hgb",word,"ብፍቕሪ ምጥያስ"
"lex_ti_mrat2",word,"ተመርዓወ"
"lex_ti_klasi",word,"ክፍሊ (ደረጃ)"
"lex_ti_drgi",word,"ደረጃ (ውጽኢት)"
"lex_ti_dpluma",word,"ዲፕሎማ"
"lex_ti_dgree",word,"ዲግሪ"
"lex_ti_msml",word,"ማስተርስ"
"lex_ti_shhda2",word,"ምስክር ወረቐት"
"lex_ti_qlm2",word,"ርሳስ"
"lex_ti_mshhi",word,"መደምሰሲ"
"lex_ti_mqrri",word,"መቑረጺ"
"lex_ti_msqi",word,"መጣበቒ"
"lex_ti_dfti",word,"ደብተር"
"lex_ti_kls2",word,"መዝገበ ቃላት"
"lex_ti_shnt",word,"ቦርሳ ትምህርቲ"
"lex_ti_lstk2",word,"ራላ"
"lex_ti_bhrur",word,"ተባዕ"
"lex_ti_frhan",word,"ፈራሕ"
"lex_ti_srhtnk",word,"ትግሃት ዘለዎ"
"lex_ti_kslti",word,"ህኩይ"
"lex_ti_amnti",word,"እሙን"
"lex_ti_kzabi",word,"ሓሳዊ"
"lex_ti_hkim2",word,"ጥበበኛ"
"lex_ti_bhal",word,"ተባዕታይ"
"lex_ti_anst",word,"ኣንስታይ"
"lex_ti_grum",word,"ትዕቢተኛ"
"lex_ti_snkl",word,"ተጻዋርነት ዘለዎ"
"lex_ti_hbrat",word,"ተሓባባሪ"
"lex_ti_mnkm",word,"ሓቅኻ ኢኻ"
"lex_ti_kdlm",word,"ኣይመስለንን"
"lex_ti_mgbani",word,"ይመስለኒ"
"lex_ti_frdal",word,"ርግጸኛ እየ"
"lex_ti_kdyzu",word,"ኣይፈልጥን እየ"
"lex_ti_dgmlyu",word,"ደግም'ዶ ትኽእል"
"lex_ti_bqlm",word,"ብቐስታ ተዛረብ"
"lex_ti_algbn",word,"ኣይገባእንን"
"lex_ti_bqlkm",word,"ብኸመይ ትብሎ"
"lex_ti_ntyzntkm",word,"እንታይ ማለት'ዩ"
"lex_ti_shqti",word,"ቅንኢ"
"lex_ti_hfrti2",word,"ጣዕሳ"
"lex_ti_shkr",word,"ምስጋና"
"lex_ti_khyd",word,"ስቓይ"
"lex_ti_dnget",word,"ድንጋጸ"
"lex_ti_hyln",word,"ተስፋ ምቝራጽ"
"lex_ti_snbti2",word,"ዕግበት"
"lex_ti_mekngo",word,"ሞተር"
"lex_ti_gm2",word,"ጎማ (መኪና)"
"lex_ti_mfth2",word,"መፍትሕ መኪና"
"lex_ti_msln",word,"መስኮት መኪና"
"lex_ti_bnzn",word,"ነዳዲ"
"lex_ti_frml",word,"ፍርምላ"
"lex_ti_mkzn",word,"ኣፍሪቓ ንፋስ"
"lex_ti_meskel",word,"መስቀል"
"lex_ti_timqet",word,"ጥምቀት"
"lex_ti_addshamet",word,"ርእሰ ዓመት"
"lex_ti_eid",word,"ዒድ"
"lex_ti_natsnetbal",word,"በዓል ናጽነት"
"lex_ti_shhbal",word,"በዓል ሰውራ"
"lex_ti_bank2",word,"ሕሳብ ባንክ"
"lex_ti_lezhi",word,"ልቓሕ"
"lex_ti_wraq2",word,"ወለድ"
"lex_ti_qmz",word,"ዕቋር"
"lex_ti_hzbti2",word,"ወጻኢታት"
"lex_ti_gne2",word,"እቶት"
"lex_ti_ashd",word,"እተፈላለየ ባጤራ"
"lex_ti_gebri3",word,"ግብሪ"
"lex_ti_dhab",word,"ነሓሲ"
"lex_ti_frzi",word,"ማዕድን"
"lex_ti_hydn",word,"ደረት ማይ"
"lex_ti_hwda",word,"እምባ"
"lex_ti_bereka3",word,"ቆላ"
"lex_ti_dngya",word,"እምኒ"
"lex_ti_hmed",word,"ሓመድ"
"lex_ti_hmsi",word,"ሓሙሽተ ኩርናዕ"
"lex_ti_sdsi",word,"ገጽ ሽድሽተ"
"lex_ti_kzln",word,"ፐርሰንት"
"lex_ti_kzr2",word,"ቅርጺ"
"lex_ti_hntu",word,"ስፍሓት ገጽ"
"lex_ti_hjmi",word,"ዓቐን"
"lex_ti_hbrsh",word,"ሓበሻ"
"lex_ti_kolnl",word,"ግዝኣት"
"lex_ti_shhab",word,"ሰውራ"
"lex_ti_shhid",word,"ስዉእ"
"lex_ti_zbn",word,"ዘበን"
"lex_ti_tzkr",word,"ዝኽሪ"
"lex_ti_qdmti",word,"ጥንታዊ"
"lex_ti_hkm4",word,"ስፔሻሊስት ሓኪም"
"lex_ti_alrji",word,"ኣለርጂ"
"lex_ti_sksh",word,"ተላጋቢ ሕማም"
"lex_ti_klya",word,"ክታበት"
"lex_ti_snbulet",word,"ስንብራት"
"lex_ti_wgi2",word,"ስብራት"
"lex_ti_neurst",word,"ነርስ ገዛ"
"lex_ti_shghi",word,"ሽጉርቲ ኣፍልቢ"
"lex_ti_wlada",word,"ጥንሲ"
"lex_ti_qhna",word,"ስኻር"
"lex_ti_kimal",word,"ጽንጽያ"
"lex_ti_pparfl",word,"ጃርት"
"lex_ti_bqbq",word,"ኣንበጣ ልሙድ"
"lex_ti_qwrmb",word,"ደናግር"
"lex_ti_zabab",word,"ኣንበጣ በረኻ"
"lex_ti_kbrkb",word,"ኣናህብ"
"lex_ti_shhi",word,"ልደ ቁርበት"
"lex_ti_arat2",word,"ዓራት ህጻን"
"lex_ti_gwatra",word,"ጋት ህጻን"
"lex_ti_shukhia",word,"ጫፍ ጡብ"
"lex_ti_tsawta",word,"ባምቡላ"
"lex_ti_kchna",word,"ኪንደርጋርተን"
"lex_ti_hzti4",word,"ኣላዪት ህጻን"
"lex_ti_hkw",word,"ቀቅል"
"lex_ti_ktfi",word,"ጥበስ"
"lex_ti_kwyi",word,"ጥበስ (ምድጓ)"
"lex_ti_kzri2",word,"ቁረጽ"
"lex_ti_hlti",word,"ሓውስ"
"lex_ti_zrgi",word,"ኣፍስስ"
"lex_ti_qrbi",word,"ቅመም ወስኽ"
"lex_ti_hlwi2",word,"ኣቕልጥጥ"
"lex_ti_qmem",word,"ቅመም"
"lex_ti_mgb2",word,"ዝርዝር ምግቢ (ጥብሳ)"
"lex_ti_riah",word,"ሳንቡእ"
"lex_ti_kwlyt",word,"ኩሊት"
"lex_ti_hymt",word,"ማህጸን"
"lex_ti_kbdi3",word,"ኣንጀት"
"lex_ti_dmg",word,"ሓንጎል"
"lex_ti_awzf",word,"ወደብ ኣፍንጫ"
"lex_ti_tsgri3",word,"ጭሕሚ"
"lex_ti_qrni",word,"ቀርኒ ርእሲ"
"lex_ti_agmi",word,"ኣገዲ"
"lex_ti_qrbti2",word,"ቆርበት ገጽ"
"lex_ti_hbrti2",word,"ቅንድብ"
"lex_ti_agln",word,"ኣጽፋር"
"lex_ti_wgni2",word,"ዘተ"
"lex_ti_krbi2",word,"ክትዕ"
"lex_ti_nqfi",word,"ምኽሪ"
"lex_ti_wed2",word,"ውሳነ"
"lex_ti_hbrti3",word,"ስምምዕ"
"lex_ti_khli",word,"ካሕዲ"
"lex_ti_pms",word,"ትእዛዝ (ትእዛዝ ምሃብ)"
"lex_ti_ntsu3",word,"መልእኽቲ (ደብዳበ)"
"lex_ti_prss",word,"ጋዜጣ"
"lex_ti_zena2",word,"ዜና"
"lex_ti_dmts3",word,"ድምር"
"lex_ti_kfli3",word,"ኣብዙሕ"
"lex_ti_kflig",word,"ኣካፍል"
"lex_ti_msuai",word,"ማዕረ"
"lex_ti_ubti",word,"ልዕሊ"
"lex_ti_tzus",word,"ትሕቲ"
"lex_ti_zbti4",word,"ልዑል ቁጽሪ"
"lex_ti_ntsu4",word,"ዘይሙሉእ ቁጽሪ"
"lex_ti_fshni",word,"ፋሽን"
"lex_ti_stayl",word,"ቅዲ"
"lex_ti_msfi",word,"ልክዕ ዝኾነ"
"lex_ti_frti",word,"ገፊሕ"
"lex_ti_tsbabi",word,"ጽኑዕ (ክዳን)"
"lex_ti_lbsi",word,"ምኽዳን"
"lex_ti_wkti",word,"ኣውጽእ (ክዳን)"
"lex_ti_msngw",word,"ማሲንቆ"
"lex_ti_kbro",word,"ከበሮ"
"lex_ti_wshnt",word,"ዋሽንት"
"lex_ti_gitar",word,"ጊታር"
"lex_ti_pyano",word,"ፒያኖ"
"lex_ti_zmr2",word,"ደራፊ"
"lex_ti_dance",word,"ስዕስዒት"
"lex_ti_rdt",word,"ረድኤት!"
"lex_ti_hzti3",word,"ሓደጋ"
"lex_ti_ambulns",word,"ኣምቡላንስ"
"lex_ti_essatawi",word,"ሓዊ ኣጥፋኢ"
"lex_ti_snkiz",word,"ህጹጽ"
"lex_ti_mwty",word,"ሞት"
"lex_ti_ntsti2",word,"ደሓንነት"
"lex_ti_selti",word,"ብቝልቁል"
"lex_ti_qwrhi",word,"ስረሮ"
"lex_ti_gzai",word,"ቀንዲ ገረብ"
"lex_ti_shoki",word,"እሾኽ"
"lex_ti_qslr",word,"ኮዸስተር"
"lex_ti_dngu",word,"ጫካ ብዙሕ ገረብ"
"lex_ti_hamli2",word,"ኣትክልቲ"
"lex_ti_frdbet",word,"ቤት ፍርዲ"
"lex_ti_frdi2",word,"ፈራዲ"
"lex_ti_wnzk",word,"ገበን"
"lex_ti_habsti",word,"ማእሰርቲ"
"lex_ti_shhda",word,"ምስክር"
"lex_ti_wthq",word,"ውዕል"
"lex_ti_mkti",word,"መሰል"
"lex_ti_viza",word,"ቪዛ"
"lex_ti_gemgm2",word,"ደረት"
"lex_ti_kstm",word,"ጉምሩክ"
"lex_ti_twri",word,"በጻሒ"
"lex_ti_mrgudi",word,"መራሒ ጉዕዞ"
"lex_ti_khrta",word,"ካርታ"
"lex_ti_dnkya",word,"ፈራዲ ጸወታ"
"lex_ti_gol",word,"ጎል"
"lex_ti_neqti",word,"ነጥቢ (ጸወታ)"
"lex_ti_gwadl",word,"ጋንታ ተጻዋቲ"
"lex_ti_medl",word,"ሜዳልያ"
"lex_ti_stdim",word,"ስታዲየም"
"lex_ti_atlt",word,"ኣትሌት"
"lex_ti_mrqti",word,"ልምምድ"
"lex_ti_kzu2",word,"ዝበለጸ"
"lex_ti_hzau",word,"ዝሓሸ"
"lex_ti_hmqi",word,"ዝኸፍአ"
"lex_ti_zabi",word,"ዝገዘፈ"
"lex_ti_nquk",word,"ዝንኣሰ"
"lex_ti_bzu2",word,"ዝበዝሐ"
"lex_ti_nqli",word,"ዝወሓደ"
"lex_ti_mrei",word,"ማዕረ ማዕረ"
"lex_ti_anqhu",word,"ኣንቋቑሖ"
"lex_ti_shrnq",word,"ሰርኒቕ"
"lex_ti_zrafu",word,"በጨቐ"
"lex_ti_bwmi",word,"ጉንዲ"
"lex_ti_sqrn",word,"ስዉር ዑፍ"
"lex_ti_nsti",word,"ንስሪ"
"lex_ti_qwqha",word,"ደርሆ በረኻ"
"lex_ti_muqti",word,"ሙቐት"
"lex_ti_brdti",word,"ብርዲ"
"lex_ti_ntsti",word,"ንፋስ ብርቱዕ"
"lex_ti_swus",word,"ግመ"
"lex_ti_hlmi2",word,"ንፍሒ ማይ"
"lex_ti_hgai",word,"ድርቂ"
"lex_ti_zbti3",word,"ምድቃቕ ምድሪ"
"lex_ti_gzwi",word,"ንፋስ ይንፍስ"
"lex_ti_zenab4",word,"ዝናብ ይዘንብ"
"lex_ti_ntsri",word,"መርመራ ስነ ፍልጠት"
"lex_ti_thyri",word,"ቲዮሪ"
"lex_ti_hqyq",word,"ሓቂ"
"lex_ti_mkina3",word,"ማይክሮስኮፕ"
"lex_ti_tlskp",word,"ተለስኮፕ"
"lex_ti_khymi",word,"ረቂቕ ህዋስ"
"lex_ti_kray",word,"ክራይ"
"lex_ti_bealgz",word,"ወነንቲ ገዛ"
"lex_ti_kraygz",word,"ተኻራዪ"
"lex_ti_hntsa",word,"ህንጻ"
"lex_ti_apartment",word,"ኣፓርታማ"
"lex_ti_wela",word,"ደወል ማዕጾ"
"lex_ti_gozo",word,"ቀጽሪ"
"lex_ti_hzti2",word,"ኣንቀርቀሮ"
"lex_ti_adj_ridi",word,"ሰፊሕ"
"lex_ti_adj_ttyq",word,"ጸቢብ"
"lex_ti_adj_kefu",word,"ከቢድ"
"lex_ti_adj_qelil",word,"ቀሊል"
"lex_ti_adj_hade2",word,"ሓድሽ"
"lex_ti_adj_zabir",word,"ኣረጊት"
"lex_ti_adj_neat",word,"ጽሩይ"
"lex_ti_adj_koynu",word,"ርኹስ"
"lex_ti_adj_ftin",word,"ፍጡን"
"lex_ti_adj_zwyt",word,"ደንጓይ"
"lex_ti_adj_qrbtu",word,"ቀረባ"
"lex_ti_adj_rhyk",word,"ርሑቕ"
"lex_ti_au2_wow",word,"ዋው!"
"lex_ti_au2_ohno",word,"ዋይ ኣነ!"
"lex_ti_au2_brvo",word,"ኣዚኻ ጽቡቕ!"
"lex_ti_au2_stop",word,"ደው በል!"
"lex_ti_au2_hlp",word,"ሓግዙኒ!"
"lex_ti_au2_wtch",word,"ተጠንቀቕ!"
"lex_ti_au2_gdjb",word,"ጽቡቕ ስራሕ!"
"lex_ti_bh_lam",word,"ላም"
"lex_ti_bh_bgei",word,"በጊዕ"
"lex_ti_bh_ghri",word,"ኣጣል"
"lex_ti_bh_derho",word,"ደርሆ"
"lex_ti_bh_ferase",word,"ፈረስ"
"lex_ti_bh_adgi",word,"ኣድጊ"
"lex_ti_bh_gemel2",word,"ገመል"
"lex_ti_bh_asrat",word,"ሓሰማ"
"lex_ti_bh_qeleb",word,"ግራት ኣራዊት"
"lex_ti_brf2_pilot",word,"ፓይሎት"
"lex_ti_brf2_ingnr",word,"ኢንጂነር"
"lex_ti_brf2_arkte",word,"ስነ-ህንጻ"
"lex_ti_brf2_farms",word,"ፋርማሲስት"
"lex_ti_brf2_vetrn",word,"ሓኪም እንስሳ"
"lex_ti_brf2_eletr",word,"ኤለትሪሻን"
"lex_ti_brf2_plmbr",word,"ቧይላ ሰራሒ"
"lex_ti_brf2_jrnlst",word,"ጋዜጠኛ"
"lex_ti_brf2_trnsl",word,"ተርጓማይ"
"lex_ti_brf2_fotog",word,"ስእሊ ተሓዚ"
"lex_ti_bro_pnkl",word,"ብርዒ"
"lex_ti_bro_msmr2",word,"ርሳስ"
"lex_ti_bro_wrqt",word,"ወረቐት"
"lex_ti_bro_mzgb2",word,"ካታሎግ"
"lex_ti_bro_agr",word,"ኣጀንዳ"
"lex_ti_bro_pgmnt",word,"ርክብ ንግዲ"
"lex_ti_bro_prjkt",word,"ፕሮጀክት"
"lex_ti_bro_cstmr",word,"ዓሚል"
"lex_ti_bro_dydln",word,"መወዳእታ ግዜ"
"lex_ti_bro_chef",word,"ሓላፊ"
"lex_ti_fn_hlbl",word,"ፈዛዝ ሰማያዊ"
"lex_ti_fn_dkgr",word,"ድቁቕ ቀጠልያ"
"lex_ti_fn_glbn",word,"ወርቃዊ"
"lex_ti_fn_slbn",word,"ብሩራዊ"
"lex_ti_fn_grau",word,"ሓመድ ሕብሪ"
"lex_ti_fn_trkis",word,"ቱርኮዋዝ"
"lex_ti_fh_gate",word,"ደገ በረራ"
"lex_ti_fh_bord",word,"ናይ በረራ ካርድ"
"lex_ti_fh_dely",word,"ደንጓዪ በረራ"
"lex_ti_fh_lggg",word,"ሳንጣ ጉዕዞ"
"lex_ti_fh_secck",word,"ምርመራ ድሕነት"
"lex_ti_fh_lnd",word,"ኣዕረፈት"
"lex_ti_fh_tkoff",word,"በረረት"
"lex_ti_hby_ntbb",word,"ንባብ"
"lex_ti_hby_ssla",word,"ስእሊ ምስኣል"
"lex_ti_hby_zfen2",word,"ምስማዕ ደርፊ"
"lex_ti_hby_cnq",word,"ምስራሕ ኣትክልቲ"
"lex_ti_hby_msyq",word,"ምስራሕ ኢድ"
"lex_ti_hby_gzti",word,"ጉዕዞ"
"lex_ti_hby_msht",word,"ምጽዋት ጸወታ"
"lex_ti_hby_msbh",word,"ምስራሕ ስፖርት"
"lex_ti_hby_mbsl",word,"ምግቢ ምስራሕ"
"lex_ti_hby_gzti2",word,"ምድላይ ስእሊ"
"lex_ti_hy2_lotn",word,"ቅብኢ ቆርበት"
"lex_ti_hy2_prfm",word,"ሽታ"
"lex_ti_hy2_rsrn",word,"መላጸ"
"lex_ti_hy2_nlcl",word,"መቁረጺ ጽፍሪ"
"lex_ti_hy2_tpst",word,"መሕጸቢ ስኒ"
"lex_ti_hy2_tsue",word,"ቲሹ"
"lex_ti_hy2_mrrr",word,"ኣንጸባራቒ"
"lex_ti_kl2_pjm",word,"ናይ ድቃስ ክዳን"
"lex_ti_kl2_ntgr",word,"ውሽጣዊ ክዳን"
"lex_ti_kl2_zenb",word,"ናይ ዝናብ ካፖርት"
"lex_ti_kl2_astl",word,"ናይ እግሪ ጫማ"
"lex_ti_kl2_sndl",word,"ሳንዳል"
"lex_ti_kl2_snz",word,"ስሉስ ክዳን"
"lex_ti_kl2_kolo",word,"ቆልፎ"
"lex_ti_kl2_pllvr",word,"ናይ ክረምቲ ማልያ"
"lex_ti_kl2_wst2",word,"ብዘይ ኢድ ጃኬት"
"lex_ti_kl2_shrz",word,"ናይ ክሽነት ልብሲ"
"lex_ti_kg_tsahfi",word,"ሸሓኒ"
"lex_ti_kg_mankiya",word,"ማንካ"
"lex_ti_kg_shoka",word,"ካራ"
"lex_ti_kg_fork",word,"ፎርኬታ"
"lex_ti_kg_bkri",word,"ብርጭቆ"
"lex_ti_kg_mesfey",word,"መጻረዪ"
"lex_ti_kg_mekfti",word,"መኽፈቲ"
"lex_ti_kg_ttbl",word,"ናይ ጣውላ ክዳን"
"lex_ti_kg_serveti",word,"ናፕኪን"
"lex_ti_ld2_ertra",word,"ኤርትራ"
"lex_ti_ld2_ityop",word,"ኢትዮጵያ"
"lex_ti_ld2_sudan",word,"ሱዳን"
"lex_ti_ld2_gbtsi",word,"ግብጺ"
"lex_ti_ld2_somal",word,"ሶማልያ"
"lex_ti_ld2_djbti",word,"ጅቡቲ"
"lex_ti_ld2_spain",word,"ስጳኛ"
"lex_ti_ld2_rusia",word,"ሩስያ"
"lex_ti_ld2_japan",word,"ጃፓን"
"lex_ti_ld2_sthaf",word,"ደቡብ ኣፍሪቃ"
"lex_ti_ld2_turki",word,"ቱርኪ"
"lex_ti_ld2_kanad",word,"ካናዳ"
"lex_ti_lsc_dsrt",word,"በረኻ"
"lex_ti_lsc_islnd",word,"ደሴት"
"lex_ti_lsc_cave",word,"በዓቲ"
"lex_ti_lsc_vlkn",word,"እሳተ ጎመራ"
"lex_ti_lsc_vlly",word,"ለሰ"
"lex_ti_lsc_wtrfl",word,"ፏት ማይ"
"lex_ti_lsc_shore",word,"ገምገም ባሕሪ"
"lex_ti_lsc_pnnsl",word,"ፍርቂ ደሴት"
"lex_ti_mdn_ftm",word,"ፊልም"
"lex_ti_mdn_tlvz",word,"ተለቪዥን"
"lex_ti_mdn_rdyo",word,"ራድዮ"
"lex_ti_mdn_gzta",word,"ጋዜጣ"
"lex_ti_mdn_mzgb",word,"መጽሔት"
"lex_ti_mdn_zena",word,"ዜና"
"lex_ti_mdn_zfen",word,"ደርፊ"
"lex_ti_mdn_tmsl",word,"ተዋሳኢ"
"lex_ti_mdn_mzngo",word,"ተኸታታሊት"
"lex_ti_mdn_pblc",word,"ህዝቢ"
"lex_ti_med_hakim",word,"ሆስፒታል"
"lex_ti_med_nrsi",word,"ነርስ"
"lex_ti_med_medhanit",word,"መድሃኒት"
"lex_ti_med_shirit",word,"ስርየት"
"lex_ti_med_hmam",word,"ሕማም"
"lex_ti_med_tqusat",word,"ተመርመረ"
"lex_ti_med_srng",word,"መርፍእ"
"lex_ti_med_bndg",word,"ማሰር"
"lex_ti_med_astr",word,"ኣምቡላንስ"
"lex_ti_med_srtn",word,"ስርሓት"
"lex_ti_med_ndqa",word,"ናይ ደም ግፍትን ምንካይን"
"lex_ti_med_thlq",word,"ተሓከመ"
"lex_ti_mrt_asa2",word,"ዓሳ"
"lex_ti_mrt_shrq",word,"ሻርክ"
"lex_ti_mrt_dlfn",word,"ደልፊን"
"lex_ti_mrt_ankm",word,"ስሙኽ ዓሳ"
"lex_ti_mrt_srtn",word,"ሸርጣን"
"lex_ti_mrt_qrdo",word,"ገርወይቲ ዓሳ"
"lex_ti_mrt_qsli",word,"ኣንበሪ ማይ"
"lex_ti_mrt_qrl",word,"ኮራል"
"lex_ti_mrt_ambi",word,"ዓባይ ዓሳ"
"lex_ti_mrt_kslw",word,"ናይ ማይ ልቢ"
"lex_ti_mbl_sofa",word,"ሶፋ"
"lex_ti_mbl_rgal",word,"ራፍ"
"lex_ti_mbl_shelf",word,"ናይ መጻሕፍቲ ደርቢ"
"lex_ti_mbl_ntt",word,"ናይ ስራሕ ጠረጴዛ"
"lex_ti_mbl_drwr",word,"ካቢነት"
"lex_ti_mbl_hngr",word,"መስቀሊ ክዳን"
"lex_ti_mbl_stol2",word,"ንኡስ መንበር"
"lex_ti_mbl_wgrt",word,"ናይ ቡን ጠረጴዛ"
"lex_ti_ph2_bxi",word,"ኣይትሓዘለይ"
"lex_ti_ph2_hwn",word,"ጽቡቕ ጉዕዞ"
"lex_ti_ph2_gzm",word,"ጽቡቕ ትምኒት"
"lex_ti_ph2_kfu",word,"ኣይትሸበር"
"lex_ti_ph2_slm2",word,"ብድሓን ኩን"
"lex_ti_ph2_hjkl",word,"እንታይ ኣሎ"
"lex_ti_ph2_wehd",word,"ቀስ ኢልካ"
"lex_ti_ph2_shkr2",word,"ብልቢ የቐንየለይ"
"lex_ti_pst_lter",word,"ደብዳበ"
"lex_ti_pst_pkg",word,"ፓኮ"
"lex_ti_pst_stmp",word,"ቴምብር"
"lex_ti_pst_pbox",word,"ናይ ደብዳበ ሳንዱቕ"
"lex_ti_pst_adrs",word,"ኣድራሻ"
"lex_ti_pst_snd",word,"ለኣኸ"
"lex_ti_pst_sgn",word,"ክታም"
"lex_ti_pst_dcmnt",word,"ሰነድ"
"lex_ti_prp_lely",word,"ኣብ ልዕሊ"
"lex_ti_prp_taht",word,"ኣብ ትሕቲ"
"lex_ti_prp_wsti",word,"ኣብ ውሽጢ"
"lex_ti_prp_ntsg",word,"ኣብ ወጻኢ"
"lex_ti_prp_qdmt",word,"ኣብ ቅድሚ"
"lex_ti_prp_dhrt",word,"ኣብ ድሕሪ"
"lex_ti_prp_mngo",word,"ምስ"
"lex_ti_prp_ztbl",word,"ብዘይ"
"lex_ti_prp_nbti",word,"ንኽሳብ"
"lex_ti_prp_ksab",word,"ካብ"
"lex_ti_r2_kstt",word,"ቅዋም"
"lex_ti_r2_frdgr",word,"ፍትሒ"
"lex_ti_r2_ktrfw",word,"መቕጻዕቲ"
"lex_ti_r2_kwtn",word,"ውሕስነት ገንዘብ"
"lex_ti_r2_kls2",word,"ክሲ"
"lex_ti_r2_msrti",word,"ተኣስረ"
"lex_ti_r2_hlqti",word,"መርትዖ"
"lex_ti_r2_yrft",word,"ይግባይ"
"lex_ti_sn2_kbdi",word,"ተመልከተ"
"lex_ti_sn2_smell",word,"ሽታ ኣስተንፈሰ"
"lex_ti_sn2_taste",word,"ጠዓሞ"
"lex_ti_sn2_touch",word,"ተንከየ"
"lex_ti_sn2_hear",word,"ሰምዐ"
"lex_ti_sn2_feel",word,"ተሰምዖ"
"lex_ti_spz_bmbla",word,"ባምቡላ"
"lex_ti_spz_mkna3",word,"ናይ ጸወታ መኪና"
"lex_ti_spz_blon",word,"ባሎኒ"
"lex_ti_spz_pzli",word,"ፐዝል"
"lex_ti_spz_kuis",word,"ኩዕሶ ንኡስ"
"lex_ti_spz_drft",word,"ናይ ወረቐት ነፋሪት"
"lex_ti_spz_qrds",word,"ካርታ ጸወታ"
"lex_ti_spz_shtr",word,"ሻጥራንጅ"
"lex_ti_spz_tddy",word,"ናይ ጸወታ ድቢ"
"lex_ti_spz_swng",word,"መንሳፍ"
"lex_ti_sp3_tenis",word,"ተኒስ"
"lex_ti_sp3_bskt",word,"ኩዕሶ ጣውላ"
"lex_ti_sp3_golf",word,"ጎልፍ"
"lex_ti_sp3_grmn",word,"ጅምናስቲክ"
"lex_ti_sp3_krte",word,"ካራተ"
"lex_ti_sp3_asa",word,"ዓሳ ምግፋፍ"
"lex_ti_sp3_frss",word,"ናይ ፈረስ ምጋልቢ"
"lex_ti_sp3_thft",word,"ኣትሌቲክስ"
"lex_ti_sp3_dgum",word,"ቀላይ ምንሳፍ"
"lex_ti_sp3_ymnst",word,"ናይ ኣፍልቢ ውድድር"
"lex_ti_tec2_mbtta",word,"መባትር"
"lex_ti_tec2_sfrl",word,"ቃል ምስጢር"
"lex_ti_tec2_apka",word,"መተግበሪ"
"lex_ti_tec2_shrke",word,"ኣካፈለ"
"lex_ti_tec2_ansl",word,"ኣውረደ"
"lex_ti_tec2_apld",word,"ሰቐለ"
"lex_ti_tec2_scrn",word,"መርኣዪ"
"lex_ti_tec2_kybrd",word,"ፊደላት መጻሕፍቲ"
"lex_ti_tec2_maws",word,"መባዓሲት"
"lex_ti_tec2_prtr",word,"መሕተሚ"
"lex_ti_tec2_hdfn",word,"ናይ ኣእዛን ተለፎን"
"lex_ti_tec2_usbs",word,"ናይ ዝኽሪ ዘንጊ"
"lex_ti_umw_awirai",word,"ኣየር ብከላ"
"lex_ti_umw_qyrnt",word,"ጽሬት ከባቢ"
"lex_ti_umw_dqla",word,"ጫካ"
"lex_ti_umw_bzhr",word,"ዳግማይ ምጥቃም"
"lex_ti_umw_ktkb",word,"ጎሓፍ"
"lex_ti_umw_ndgo",word,"ተፈጥሮ"
"lex_ti_umw_hywe",word,"ህይወት ዘለዎ ኣከባቢ"
"lex_ti_umw_hywc",word,"ኣየር ምዝባዕ"
"lex_ti_umw_msms",word,"ጸዓት"
"lex_ti_umw_hywd",word,"ጸሓያዊ ጸዓት"
"lex_ti_vb3_kefete",word,"ከፈተ"
"lex_ti_vb3_zegede",word,"ዓጸወ"
"lex_ti_vb3_wesede",word,"ወሰደ"
"lex_ti_vb3_hzq",word,"ሓዘ"
"lex_ti_vb3_hade",word,"ኣረከበ"
"lex_ti_vb3_selete",word,"ሰለጠ"
"lex_ti_vb3_fsheme",word,"ፈሸለ"
"lex_ti_vb3_teamene",word,"ተኣመነ"
"lex_ti_vb3_gorede",word,"ጎረደ"
"lex_ti_vb3_delede",word,"ደለየ"
"lex_ti_vb3_redae",word,"ረድአ"
"lex_ti_vb3_temharkabe",word,"ተመሃረ"
"lex_ti_vk2_ampl",word,"ቀያሕ መብራህቲ"
"lex_ti_vk2_krzg",word,"መስቀላዊ መገዲ"
"lex_ti_vk2_stau",word,"መጨናነቕ መገዲ"
"lex_ti_vk2_prkp",word,"ጣቢያ መኪና"
"lex_ti_vk2_lcns",word,"ፍቓድ መንዳቢ"
"lex_ti_vk2_shld",word,"ጎድኒ መገዲ"
"lex_ti_vk2_spl",word,"ደረጃ ፍጥነት"
"lex_ti_whr_nakfa",word,"ናቕፋ"
"lex_ti_whr_birr",word,"ብር"
"lex_ti_whr_metl",word,"ሳንቲም"
"lex_ti_whr_bnkn",word,"ናይ ገንዘብ ወረቐት"
"lex_ti_whr_cash",word,"ጥረ ገንዘብ"
"lex_ti_whr_kkrd",word,"ናይ ክፍሊት ካርዲ"
"lex_ti_whr_qmzy",word,"ዓቀበ"
"lex_ti_whr_wtsi",word,"ኣውጽአ (ገንዘብ)"
"lex_ti_whr_wga",word,"ዋጋ"
"lex_ti_wt2_qsti",word,"ቀስተ ደመና"
"lex_ti_wt2_mbrq",word,"መብረቕ"
"lex_ti_wt2_nqts",word,"ነጎዳ"
"lex_ti_wt2_bred",word,"በረድ"
"lex_ti_wt2_dmna",word,"ደመና"
"lex_ti_wt2_tshy",word,"ጸሓያዊ መዓልቲ"
"lex_ti_wt2_ershb",word,"ርስሓት ኣየር"
"lex_ti_wt2_kilma",word,"ኣየር ጠባይ"
"lex_ti_bck_flr",word,"ሓርጭ"
"lex_ti_bck_dgh",word,"ሕምጻ"
"lex_ti_bck_yst",word,"ማይ ቂጣ"
"lex_ti_bck_mix",word,"ሓወሰ"
"lex_ti_bck_knd",word,"ሓምጸ"
"lex_ti_bck_bke",word,"ጠበሰ"
"lex_ti_bck_cake",word,"ኬክ"
"lex_ti_bau2_palm",word,"ኮኮስ"
"lex_ti_bau2_baob",word,"ዱባ ገረብ"
"lex_ti_bau2_akaz",word,"ቆሓይ"
"lex_ti_bau2_root",word,"ሱር"
"lex_ti_bau2_brnch",word,"ጨንፈር"
"lex_ti_bau2_leaf",word,"ቆጽሊ"
"lex_ti_bau2_trnk",word,"ግንዲ"
"lex_ti_bnk_atm",word,"መኪና ገንዘብ"
"lex_ti_bnk_open",word,"ሕሳብ ከፈተ"
"lex_ti_bnk_trns",word,"ኣመሓላለፈ ገንዘብ"
"lex_ti_bnk_wthdrw",word,"ገንዘብ ኣውጽአ"
"lex_ti_bnk_dpst",word,"ገንዘብ ኣእተወ"
"lex_ti_bnk_blnc",word,"ዝተረፈ ገንዘብ"
"lex_ti_bau_hlmt",word,"ናይ ውሕስነት ቆቢዕ"
"lex_ti_bau_crn",word,"ክሬን"
"lex_ti_bau_brk",word,"ማቶኒ"
"lex_ti_bau_scfld",word,"ናሕሲ ስራሕ"
"lex_ti_bau_bld",word,"ሓነጸ"
"lex_ti_bau_site",word,"ቦታ ህንጻ"
"lex_ti_blm_rose",word,"ሮዝ"
"lex_ti_blm_dsy",word,"ዓደንጓል"
"lex_ti_blm_sunf",word,"ናይ ጸሓይ ዕንባባ"
"lex_ti_blm_petl",word,"ቅጠል ዕንባባ"
"lex_ti_blm_bloom",word,"ዓንበበ"
"lex_ti_blm_bqt",word,"ጨንገር ዕንባባ"
"lex_ti_dpl_ambs",word,"ኣምባሳደር"
"lex_ti_dpl_embsy",word,"ኤምባሲ"
"lex_ti_dpl_trty",word,"ስምምዕ"
"lex_ti_dpl_peace",word,"ሰላም"
"lex_ti_dpl_nego",word,"ዘተየ"
"lex_ti_gst_guest",word,"ጋሻ"
"lex_ti_gst_invt",word,"ዓደመ"
"lex_ti_gst_wlcm",word,"እንኳዕ ብደሓን መጻእኻ"
"lex_ti_gst_hst",word,"ዓዳሚ"
"lex_ti_gst_gnrs",word,"ለጋስ"
"lex_ti_gtr_rice",word,"ሩዝ"
"lex_ti_gtr_barl",word,"ስገም"
"lex_ti_gtr_mais",word,"ዕፉይ"
"lex_ti_gtr_sorg",word,"ማሽላ"
"lex_ti_gtr_lntl",word,"ብርስን"
"lex_ti_gwz_pfef",word,"ፉል ፑልጳሊት"
"lex_ti_gwz_zmt",word,"ቀመም"
"lex_ti_gwz_grlc",word,"ነጭ ሽጉርቲ"
"lex_ti_gwz_gngr",word,"ዝንጅብል"
"lex_ti_gwz_cinn",word,"ቀርፋ"
"lex_ti_gwz_hny",word,"መዓር"
"lex_ti_gwz_sgr",word,"ሽኮር"
"lex_ti_hwk_weav",word,"ሸማ ምሽራም"
"lex_ti_hwk_pot",word,"ስራሕ ሸክላ"
"lex_ti_hwk_carve",word,"ቀሪጹ ሰርሐ"
"lex_ti_hwk_embr",word,"ጥልፊ"
"lex_ti_hwk_sblv",word,"ስራሕ ብራና"
"lex_ti_hwk_basket",word,"ኣቅሓ ገፀት"
"lex_ti_hst_dog",word,"ከልቢ"
"lex_ti_hst_cat",word,"ድሙ"
"lex_ti_hst_brd2",word,"ደርሁ ገዛ"
"lex_ti_hst_fish",word,"ዓሳ ገዛ"
"lex_ti_hst_cage",word,"ቤት እንስሳ"
"lex_ti_hst_feed2",word,"መገበ እንስሳ"
"lex_ti_ibg_wbst",word,"ገጽ መርበብ"
"lex_ti_ibg_email",word,"ኢመይል"
"lex_ti_ibg_srch",word,"ድለየ"
"lex_ti_ibg_link",word,"መላገጺ"
"lex_ti_ibg_conn",word,"ተራኸበ (ኢንተርነት)"
"lex_ti_ibg_video2",word,"ጻውዒት ቪድዮ"
"lex_ti_lit_ktab",word,"መጽሓፍ"
"lex_ti_lit_awtr",word,"ደራሲ"
"lex_ti_lit_chptr",word,"ምዕራፍ"
"lex_ti_lit_pom",word,"ግጥሚ"
"lex_ti_lit_novl",word,"ልቢ ወለድ"
"lex_ti_lit_stry",word,"ዛንታ"
"lex_ti_lit_pge",word,"ገጽ (መጽሓፍ)"
"lex_ti_lit_ttl",word,"ኣርእስቲ"
"lex_ti_min_gold",word,"ወርቂ"
"lex_ti_min_slvr",word,"ብሩር"
"lex_ti_min_dmnd",word,"ኣልማዝ"
"lex_ti_min_slt",word,"ጨው (ማዕድን)"
"lex_ti_min_stn",word,"እምኒ"
"lex_ti_min_sand2",word,"ኣቁሑ ማዕድን"
"lex_ti_nbr_neig",word,"ጎረቤት"
"lex_ti_nbr_comm",word,"ማሕበረሰብ"
"lex_ti_nbr_dist",word,"ንኡስ ዞባ"
"lex_ti_nbr_sqr",word,"ኣደባባይ"
"lex_ti_nbr_park",word,"ፓርክ"
"lex_ti_nbr_meet",word,"ተራኸበ"
"lex_ti_pkn_bskt",word,"ቅርጫት"
"lex_ti_pkn_blnkt",word,"ናይ ሳዕሪ ልብሲ"
"lex_ti_pkn_grll",word,"ምጥባስ"
"lex_ti_pkn_camp",word,"ድንኳን"
"lex_ti_pkn_sleep",word,"ናይ ደቃስ ቦርሳ"
"lex_ti_pkn_fire",word,"ሓዊ ጣቢያ"
"lex_ti_plnt_mrkr",word,"ማርስ"
"lex_ti_plnt_vns",word,"ቬኑስ"
"lex_ti_plnt_jptr",word,"ጁፒተር"
"lex_ti_plnt_srn",word,"ሳተርን"
"lex_ti_plnt_erth",word,"ምድሪ"
"lex_ti_plnt_glxy",word,"ጋላክሲ"
"lex_ti_plnt_univ",word,"ኮስሞስ"
"lex_ti_rpr_fix",word,"ዓረየ"
"lex_ti_rpr_brkn",word,"ተሰይሩ"
"lex_ti_rpr_work",word,"ይሰርሕ"
"lex_ti_rpr_srvc",word,"ኣገልግሎት ዓረርያ"
"lex_ti_rpr_wrnty",word,"ውሕስነት ሕድገት"
"lex_ti_rcx_lft",word,"ጸጋም"
"lex_ti_rcx_rgt",word,"የማን"
"lex_ti_rcx_strt",word,"ትኽ ኢልካ"
"lex_ti_rcx_up",word,"ንላዕሊ"
"lex_ti_rcx_dwn",word,"ንታሕቲ"
"lex_ti_rcx_here",word,"ኣብዚ"
"lex_ti_rcx_thre",word,"ኣብዚያ"
"lex_ti_swg_preg",word,"ጥንሲ"
"lex_ti_swg_brth",word,"ወሊድ"
"lex_ti_swg_baby",word,"ህጻን"
"lex_ti_swg_midw",word,"መሕረሲት"
"lex_ti_swg_cradl",word,"ዓራት ህጻን"
"lex_ti_spp_slide",word,"መንሸርተቲ"
"lex_ti_spp_sndbx",word,"ሑጻ ጸወታ"
"lex_ti_spp_ssaw",word,"ናይ ክልተ ምንሳፍ"
"lex_ti_spp_run2",word,"ጎደሎ ጸወታ"
"lex_ti_spp_play",word,"ተጻወተ"
"lex_ti_spl_gram",word,"ሰዋስው"
"lex_ti_spl_vocab",word,"ቃላት"
"lex_ti_spl_prct",word,"ልምምድ (ትምህርቲ)"
"lex_ti_spl_exam",word,"ፈተና"
"lex_ti_spl_trns",word,"ተርጎመ"
"lex_ti_spl_prnc",word,"ኣደማምጻ"
"lex_ti_spl_fluent",word,"ልሙድ (ቋንቋ)"
"lex_ti_str_sand",word,"ሑጻ"
"lex_ti_str_wave",word,"ማዕበል"
"lex_ti_str_swimsuit",word,"ናይ ምሕምባስ ክዳን"
"lex_ti_str_umbrl",word,"ጽላል ጸሓይ"
"lex_ti_str_sunsc",word,"ቅብኢ ጸሓይ"
"lex_ti_tnz_dnc",word,"ስዕስዐ"
"lex_ti_tnz_dncr",word,"ሰዓሲዒ"
"lex_ti_tnz_trad",word,"ባህላዊ ሳዕስዒት"
"lex_ti_tnz_rhthm",word,"ምት"
"lex_ti_tnz_drum",word,"ከበሮ"
"lex_ti_uhr_half",word,"ፈረቓ"
"lex_ti_uhr_qrtr",word,"ርብዒ"
"lex_ti_uhr_shrp",word,"ልክዕ"
"lex_ti_uhr_soon",word,"ኣብ ቀረባ"
"lex_ti_uhr_late",word,"ደንጒዩ"
"lex_ti_uhr_erly",word,"ኣቐዲሙ"
"lex_ti_uhr_alrm",word,"ሰዓት መበራበሪ"
"lex_ti_umz_bxi",word,"ካርቶን"
"lex_ti_umz_trck",word,"መኪና ጽዕነት"
"lex_ti_umz_rnt",word,"ተኻረየ"
"lex_ti_umz_own",word,"ወነነ"
"lex_ti_umz_lease",word,"ውዕል ክራይ"
"lex_ti_umz_owner",word,"ወናኒ ገዛ"
"lex_ti_umz_movd",word,"ግዙፍ ገዛ ተቐየረ"
"lex_ti_uni_camp",word,"ኮለጅ"
"lex_ti_uni_prof",word,"ፕሮፌሶር"
"lex_ti_uni_dgr",word,"ዲግሪ"
"lex_ti_uni_thss",word,"ጥናት"
"lex_ti_uni_schlr",word,"ናይ ትምህርቲ ደገፍ ገንዘብ"
"lex_ti_uni_lctr",word,"መደረ"
"lex_ti_uni_lib",word,"ቤት መጻሕፍቲ"
"lex_ti_vsc_pols",word,"ውሕስነት"
"lex_ti_vsc_prem",word,"ወርሓዊ ክፍሊት ውሕስነት"
"lex_ti_vsc_clm",word,"ጠለብ ካሕሳ"
"lex_ti_vsc_kahisa",word,"ካሕሳ"
"lex_ti_vsc_rsk",word,"ሓደጋ (ተኽእሎ)"
"lex_ti_vsc_hlthi",word,"ውሕስነት ጥዕና"
"lex_ti_wnd_trl",word,"መንገዲ ጎቦ"
"lex_ti_wnd_pk",word,"ጫፍ ጎቦ"
"lex_ti_wnd_cmps",word,"ኮምፓስ"
"lex_ti_wnd_bkpck",word,"ሳንጣ ዝባን"
"lex_ti_wnd_climb",word,"ደየበ"
"lex_ti_arc_dig",word,"ምዑቓር"
"lex_ti_arc_artf",word,"ጥንታዊ ኣቕሓ"
"lex_ti_arc_ruin",word,"ፍርስራስ"
"lex_ti_arc_mus",word,"ቤት መዘክር"
"lex_ti_arc_anc",word,"ጥንታዊ"
"lex_ti_arc_civ",word,"ስልጣነ"
"lex_ti_brg_mine",word,"ማዕድን ቦታ"
"lex_ti_brg_minr",word,"ሰራሕተኛ ማዕድን"
"lex_ti_brg_dig2",word,"ዓየረ"
"lex_ti_brg_extr",word,"ኣውጽአ (ማዕድን)"
"lex_ti_brg_tunl",word,"ትሕቲ ምድሪ መንገዲ"
"lex_ti_brs_dice",word,"ዳይስ"
"lex_ti_brs_domin",word,"ዶሚኖ"
"lex_ti_brs_chkrs",word,"ዳማ"
"lex_ti_brs_turn",word,"ተራ"
"lex_ti_brs_win2",word,"ተዓወተ"
"lex_ti_brs_lose2",word,"ተሳዕረ"
"lex_ti_chm_elmnt",word,"ንጥረ ነገር"
"lex_ti_chm_mlcl",word,"ሞለክዩል"
"lex_ti_chm_ractn",word,"ግብረ መልሲ ኬሚካል"
"lex_ti_chm_gas",word,"ጋዝ"
"lex_ti_chm_liqd",word,"ፈሳሲ"
"lex_ti_chm_solid",word,"ጽኑዕ"
"lex_ti_chw_cpu",word,"ማእከላይ መስርሒ ክፍሊ"
"lex_ti_chw_disk",word,"ናይ ዝኽሪ ድስክ"
"lex_ti_chw_ram",word,"ግዝያዊ ዝኽሪ"
"lex_ti_chw_cabl",word,"ገመድ ኤለትሪክ"
"lex_ti_chw_lptp",word,"ላፕቶፕ"
"lex_ti_elk_plug",word,"ፕላግ"
"lex_ti_elk_swtch",word,"መቀየሪ ብርሃን"
"lex_ti_elk_fuse",word,"ፊውዝ"
"lex_ti_elk_outg",word,"ምቁራጽ ኤለትሪክ"
"lex_ti_elk_gnrtr",word,"ጀነረተር"
"lex_ti_fbr_fctry",word,"ፋብሪካ"
"lex_ti_fbr_mchn",word,"ማሽን (ፋብሪካ)"
"lex_ti_fbr_prod",word,"ምህርቲ"
"lex_ti_fbr_wrkr",word,"ሰራሕተኛ ፋብሪካ"
"lex_ti_fbr_asmbl",word,"ኣኪቡ ሰርሐ"
"lex_ti_few_fire2",word,"ሓዊ"
"lex_ti_few_smk",word,"ትኪ"
"lex_ti_few_extg",word,"ኣጥፍአ (ሓዊ)"
"lex_ti_few_hose",word,"ናይ ማይ ቱቦ"
"lex_ti_few_alrm2",word,"ናይ ሓዊ ኣላርም"
"lex_ti_flz_wing",word,"ክንፊ"
"lex_ti_flz_engn",word,"ሞተር ነፋሪት"
"lex_ti_flz_ckpt",word,"ክፍሊ ፓይሎት"
"lex_ti_flz_seat",word,"መንበር ነፋሪት"
"lex_ti_flz_crew",word,"ሰራሕተኛታት ነፋሪት"
"lex_ti_fto_lens",word,"መነጽር ካሜራ"
"lex_ti_fto_flsh",word,"ብልጭታ ካሜራ"
"lex_ti_fto_shot",word,"ስእሊ ኣልዓለ"
"lex_ti_fto_zoom",word,"ኣቀራረበ (ካሜራ)"
"lex_ti_fto_frme",word,"ፍሬም ስእሊ"
"lex_ti_frs_scsr",word,"መቑረጺ"
"lex_ti_frs_dryr",word,"ናይ ጸጕሪ ማድረቒ"
"lex_ti_frs_cut2",word,"ቁርጸት ጸጕሪ"
"lex_ti_frs_braid",word,"ስንጭሮ ጸጕሪ"
"lex_ti_frs_beard",word,"ጭሕሚ"
"lex_ti_grt_lawn",word,"ሳዕሪ ደምበ"
"lex_ti_grt_hedge",word,"ዓጹድ"
"lex_ti_grt_soil",word,"ሓመድ"
"lex_ti_grt_water2",word,"ኣማይ ኣትክልቲ"
"lex_ti_grt_plant2",word,"ተኸለ"
"lex_ti_ggr_rake",word,"መጻረግ ቅጠል"
"lex_ti_ggr_can",word,"ማይ ኣትክልቲ መስተይቲ"
"lex_ti_ggr_mwr",word,"መቑረጺ ሳዕሪ"
"lex_ti_ggr_shvl2",word,"መሕፍሪ"
"lex_ti_ggr_glvs",word,"ጓንቲ ኣትክልቲ"
"lex_ti_gsn_wtr",word,"ኣገልጋሊ"
"lex_ti_gsn_chef",word,"ሸፍ"
"lex_ti_gsn_menu",word,"ዝርዝር ምግቢ"
"lex_ti_gsn_rsrv",word,"ቦታ ሓዘ"
"lex_ti_gsn_bill",word,"ቢል"
"lex_ti_gsn_tip",word,"ጉርሻ"
"lex_ti_gws_river",word,"ርባ"
"lex_ti_gws_lake",word,"ቀላይ"
"lex_ti_gws_pond",word,"ንኡስ ቀላይ"
"lex_ti_gws_strm",word,"ንኡስ ርባ"
"lex_ti_gws_ocean",word,"ውቅያኖስ"
"lex_ti_hzf_dress",word,"ክዳን መርዓት"
"lex_ti_hzf_ring",word,"ቀለቤት"
"lex_ti_hzf_grm",word,"መርዓዊ"
"lex_ti_hzf_brd",word,"መርዓት"
"lex_ti_hzf_wtns",word,"ምስክር መርዓ"
"lex_ti_hzf_feast",word,"ድግስ"
"lex_ti_jhm_crsl",word,"ናይ ህጻናት ዙረት"
"lex_ti_jhm_wheel",word,"ዓባይ ዙረት"
"lex_ti_jhm_ltry",word,"ዕጫ"
"lex_ti_jhm_cndy",word,"ከረሜላ"
"lex_ti_klg_pen2",word,"ብርዒ ጽሕፈት"
"lex_ti_klg_ink",word,"ቀለም ጽሕፈት"
"lex_ti_klg_script",word,"ኣጸሓሕፋ"
"lex_ti_klg_letr",word,"ፊደል"
"lex_ti_knw_pntg",word,"ስእሊ ቀለም"
"lex_ti_knw_sclp",word,"ቅርጺ"
"lex_ti_knw_gllry",word,"ናይ ስነ ጥበብ ኣደራሽ"
"lex_ti_knw_brsh",word,"ብራሽ ቀለም"
"lex_ti_knw_clr2",word,"ቀለም (ስእሊ)"
"lex_ti_md2_model",word,"ኣርኣያ ክዳን"
"lex_ti_md2_rnwy",word,"መርአዪ ክዳን"
"lex_ti_md2_dsgn",word,"ቀያሲ ክዳን"
"lex_ti_md2_trnd",word,"ሓድሽ ኣገባብ"
"lex_ti_md2_stle",word,"ኣገባብ ኣለባብሳ"
"lex_ti_mda_sngl",word,"መነጽር ጸሓይ"
"lex_ti_mda_wllt",word,"ናይ ገንዘብ ቦርሳ"
"lex_ti_mda_umbrl2",word,"ጽላል ማይ"
"lex_ti_mda_brclt",word,"ኣቢሶ"
"lex_ti_mda_erng",word,"ቀለቤት እዝኒ"
"lex_ti_ntd_ambln",word,"ቁጽሪ ህጹጽ ረድኤት"
"lex_ti_ntd_rescu",word,"ኣገልግሎት ረድኤት"
"lex_ti_ntd_urgnt",word,"ህጹጽ"
"lex_ti_ntd_report",word,"ኣበሰረ"
"lex_ti_rfr_rckt",word,"ሮኬት"
"lex_ti_rfr_atrn",word,"ጠፈርተኛ"
"lex_ti_rfr_shp2",word,"መርከብ ጠፈር"
"lex_ti_rfr_moon",word,"ወርሒ (ጠፈር)"
"lex_ti_rfr_sat",word,"ሳተላይት"
"lex_ti_rfr_launch",word,"ተወንጨፈ"
"lex_ti_rng_vcm",word,"መስሓቢ ዶኻ"
"lex_ti_rng_mop",word,"ናይ ምድሪ መጽረዪ"
"lex_ti_rng_dtrg",word,"ሳሙና ምሕጻብ"
"lex_ti_rng_bin",word,"ሳንዱቕ ጎሓፍ"
"lex_ti_rng_dust",word,"ሓሸሽ"
"lex_ti_snd_ndl",word,"መርፍእ ስፌት"
"lex_ti_snd_thrd",word,"ክርዳን"
"lex_ti_snd_mchn2",word,"ናይ ስፌት ማሽን"
"lex_ti_snd_sew2",word,"ሰፈየ"
"lex_ti_snd_tlr2",word,"ሰፋዪ"
"lex_ti_seef_sail",word,"ሽራዕ"
"lex_ti_seef_anch",word,"መልሕቅ"
"lex_ti_seef_hrbr",word,"ወደብ"
"lex_ti_seef_saylr",word,"መርከበኛ"
"lex_ti_seef_capt",word,"ካፕቴን"
"lex_ti_sch_alrm3",word,"ኣላርም ድሕነት"
"lex_ti_sch_cam",word,"ካሜራ ምክትታል"
"lex_ti_sch_lock2",word,"ምሽጋር"
"lex_ti_sch_grd",word,"ሓላዊ ድሕነት"
"lex_ti_sch_safe2",word,"ውሑስ"
"lex_ti_txt_cttn",word,"ጡጥ"
"lex_ti_txt_wool",word,"ጸምሪ"
"lex_ti_txt_silk",word,"ሓሪር"
"lex_ti_txt_lthr",word,"ቆርበት (ናይ ክዳን)"
"lex_ti_txt_fbrc",word,"ጨርቂ"
"lex_ti_vrn_cncrt",word,"ኮንሰርት"
"lex_ti_vrn_tckt2",word,"ትኬት ምእታው"
"lex_ti_vrn_stg",word,"መድረኽ"
"lex_ti_vrn_aud",word,"ተዓዘብቲ"
"lex_ti_vrn_perf",word,"ትርኢት"
"lex_ti_vrp_wrap",word,"መጠቅለሊ"
"lex_ti_vrp_foil",word,"ፎርፎር"
"lex_ti_vrp_lbl",word,"ምልክት ዋጋ"
"lex_ti_vrp_bag2",word,"ናይ ፕላስቲክ ከረጺት"
"lex_ti_vrp_seal",word,"ዓተመ"
"lex_ti_wld_lion",word,"ኣንበሳ"
"lex_ti_wld_elph",word,"ሓርማዝ"
"lex_ti_wld_grff",word,"ቀርኒ ኣንበሳ"
"lex_ti_wld_zebr",word,"ኣድጊ በረኻ"
"lex_ti_wld_mnky",word,"ህበይ"
"lex_ti_wld_croc",word,"ሓርገጽገጽ"
"lex_ti_wld_rhno",word,"ቀርኒ ዘለዎ ኣራዊት"
"lex_ti_wld_hyna",word,"ዝብኢ"
"lex_ti_zrk_clwn",word,"ኮማድያን"
"lex_ti_zrk_acrb",word,"ኣክሮባት"
"lex_ti_zrk_tent2",word,"ድንኳን ጸወታ"
"lex_ti_zrk_tmr",word,"ናይ ስራሕ ኣሰልጣኒ"
"lex_ti_abs_finish",word,"ወድአ"
"lex_ti_abs_start2",word,"ጀመረ"
"lex_ti_abs_done2",word,"ተወዲኡ"
"lex_ti_akt_facde",word,"ግንባር ህንጻ"
"lex_ti_akt_plan2",word,"ውጥን ህንጻ"
"lex_ti_akt_style2",word,"ስነ ህንጻ ኣገባብ"
"lex_ti_akt_pillr",word,"ዓንዲ"
"lex_ti_bkr_bkr2",word,"ባኒ ሰራሒ"
"lex_ti_bkr_roll",word,"ንኡስ ባኒ"
"lex_ti_bkr_oven2",word,"ምድጓ ባኒ"
"lex_ti_bwg_jump",word,"ነጠረ"
"lex_ti_bwg_crawl",word,"ዓንደረ"
"lex_ti_bwg_push",word,"ደፍአ"
"lex_ti_bwg_pull",word,"ጐተተ"
"lex_ti_bwg_throw",word,"ደርበየ"
"lex_ti_bwg_catch",word,"ሓዘ (ኳዕሶ)"
"lex_ti_bib_brrw",word,"ተለቓሒ መጽሓፍ"
"lex_ti_bib_rtrn",word,"መለሰ መጽሓፍ"
"lex_ti_bib_catlg",word,"ካታሎግ መጻሕፍቲ"
"lex_ti_bib_quiet",word,"ስቕታ"
"lex_ti_brw_brew",word,"ኣፍረየ ስዋ"
"lex_ti_brw_ferm",word,"ተሓምበሰ"
"lex_ti_brw_bril",word,"በርሚል"
"lex_ti_brw_hops",word,"ሆፕስ"
"lex_ti_brm_hobby",word,"ኣከቓቕባ"
"lex_ti_brm_coin2",word,"ኣከቓቓቢ ሳንቲም"
"lex_ti_brm_rare",word,"ብዙሕ ዘይርከብ"
"lex_ti_brm_colct",word,"ኣከበ"
"lex_ti_dkm_stat",word,"ምስሊ ሓወልቲ"
"lex_ti_dkm_mnmt",word,"ሓወልቲ"
"lex_ti_dkm_lndmk",word,"ምልክት ከተማ"
"lex_ti_en2_wind",word,"ሓይሊ ንፋስ"
"lex_ti_en2_hydro",word,"ሓይሊ ማይ"
"lex_ti_en2_panel",word,"ናይ ጸሓይ ሰሌዳ"
"lex_ti_en2_sstn",word,"ዘላቕነት ዘለዎ"
"lex_ti_ern_remmbr",word,"ዘከረ"
"lex_ti_ern_forgt",word,"ረሲዑ"
"lex_ti_ern_mem2",word,"ዝኽሪ"
"lex_ti_ern_nostal",word,"ናፍቖት"
"lex_ti_erh_plstr",word,"ላስቲክ ቁስሊ"
"lex_ti_erh_kit",word,"ናይ ህጹጽ ረድኤት ሳንዱቕ"
"lex_ti_erh_wound",word,"ቁስሊ"
"lex_ti_erh_burn",word,"ቃጸሎ"
"lex_ti_erh_faint",word,"ዕለብጠ"
"lex_ti_flx_btchr",word,"ስጋ ሸያጣይ"
"lex_ti_flx_ssge",word,"ስጋ ጥቅልል"
"lex_ti_flx_slghtr",word,"ሓረደ"
"lex_ti_flm_used",word,"ዝተጠቕመሉ"
"lex_ti_flm_brgn",word,"ዋጋ ምዝርራብ"
"lex_ti_flm_deal",word,"ሕሱር ዋጋ"
"lex_ti_flm_stall",word,"ንኡስ ድኳን"
"lex_ti_flm_sell",word,"ሸጠ"
"lex_ti_fmt_smooth",word,"ልሱን"
"lex_ti_fmt_rough",word,"ሸካራ"
"lex_ti_fmt_wet",word,"ርሲስ"
"lex_ti_fmt_dry",word,"ንቑጽ"
"lex_ti_fmt_sharp2",word,"ስሉጥ"
"lex_ti_fmt_dull",word,"ደንዚዙ"
"lex_ti_gfh_dngr",word,"ሓደገኛ"
"lex_ti_gfh_hazrd",word,"ሓደጋ (ተኽእሎ 2)"
"lex_ti_gfh_accdnt",word,"ሓደጋ (ገጢሙ)"
"lex_ti_gfh_avoid",word,"ተቖጠበ"
"lex_ti_gld_broke",word,"ገንዘብ የብሉን"
"lex_ti_gld_rich2",word,"ሃብታም"
"lex_ti_gld_poor2",word,"ድኻ"
"lex_ti_gld_afford",word,"ክኸፍል ይኽእል"
"lex_ti_grs_loud",word,"ዓው ዝበለ"
"lex_ti_grs_quiet2",word,"ህዱእ ድምጺ"
"lex_ti_grs_noise",word,"ዓውታ"
"lex_ti_grs_scrm",word,"ጨርሐ"
"lex_ti_grs_whspr",word,"ሕሽኽ በለ"
"lex_ti_gst2_wave",word,"ኢዱ ወዘወዘ"
"lex_ti_gst2_nod",word,"ርእሱ ነቕነቐ"
"lex_ti_gst2_shake",word,"ኢድ ተጣበቐ"
"lex_ti_gst2_pnt",word,"ኣመልከተ (ብኢድ)"
"lex_ti_gst2_hug",word,"ሓቖፈ"
"lex_ti_gwh_daily",word,"መዓልታዊ"
"lex_ti_gwh_rtn",word,"ልማድ ናብራ"
"lex_ti_gwh_always2",word,"ወትሩ ይገብር"
"lex_ti_gwh_habit",word,"ልማድ"
"lex_ti_glt_ice",word,"በረድ (ኣካል)"
"lex_ti_glt_glcr",word,"ናይ በረድ ጎቦ"
"lex_ti_glt_frst",word,"ውርጪ"
"lex_ti_glt_pole",word,"ጫፍ ምድሪ"
"lex_ti_glp_congr",word,"እንቋዕ ሓጎሰካ"
"lex_ti_glp_hbday",word,"እንቋዕ ንልደትካ ኣብጽሓካ"
"lex_ti_glp_gdluck",word,"ዕድል የሓግዘካ"
"lex_ti_glp_wellsdo",word,"ጽቡቕ ገይርካ"
"lex_ti_hfk_never2",word,"ፈጺሙ"
"lex_ti_hfk_rarely",word,"ብሳሕቲ"
"lex_ti_hfk_often2",word,"ብተደጋጋሚ"
"lex_ti_hfk_always3",word,"ኩሉ ግዜ"
"lex_ti_hfl_plte",word,"ስነ ምግባር"
"lex_ti_hfl_resp",word,"ኣኽብሮት"
"lex_ti_hfl_rude",word,"ግሉል"
"lex_ti_hfl_intrp",word,"ኣቋረጸ"
"lex_ti_imb_prop",word,"ንብረት"
"lex_ti_imb_agnt2",word,"ደላሊ ገዛ"
"lex_ti_imb_sell2",word,"ሸይጡ ገዛ"
"lex_ti_imb_plot",word,"መሬት ንህንጻ"
"lex_ti_jgd_teen",word,"መንእሰይ"
"lex_ti_jgd_grw",word,"ዓበየ"
"lex_ti_jgd_dream",word,"ሕልሚ (ትምኒት)"
"lex_ti_jgd_frnd2",word,"ብጻይ መንእሰያት"
"lex_ti_kfz_bean",word,"ፍረ ቡን"
"lex_ti_kfz_roast",word,"ቆልዐ ቡን"
"lex_ti_kfz_incs",word,"ዕጣን"
"lex_ti_kfz_grass",word,"ሳዕሪ ምንጻፍ"
"lex_ti_kfz_pour",word,"ኣፍሰሰ (ቡን)"
"lex_ti_kfz_round",word,"ራውንድ ቡን"
"lex_ti_kfn_breath",word,"ኣስተንፈሰ"
"lex_ti_kfn_sweat",word,"ረሃጸ"
"lex_ti_kfn_growl",word,"ኮፍ ኢሉ ኣንቀላፍአ"
"lex_ti_kfn_yawn",word,"ኣዘንበለ"
"lex_ti_kfn_sneeze",word,"ሓንጠሰ"
"lex_ti_khl_stand",word,"ደው በለ"
"lex_ti_khl_sit2",word,"ተቐመጠ"
"lex_ti_khl_lie",word,"ደቀሰ (ኣዝገመ)"
"lex_ti_khl_kneel",word,"ተንበርከኸ"
"lex_ti_khl_bend",word,"ዓጠፈ"
"lex_ti_knf_argu",word,"ተኻራኸረ"
"lex_ti_knf_fght",word,"ባእሲ"
"lex_ti_knf_sorry2",word,"ይቕረ በለ"
"lex_ti_knf_frgv",word,"ይቕረ ኢሉ ሓደገ"
"lex_ti_knf_reconcl",word,"ተዓረቐ"
"lex_ti_knj_and2",word,"ከምኡውን"
"lex_ti_knj_but2",word,"ግን"
"lex_ti_knj_or2",word,"ወይ"
"lex_ti_knj_becaus",word,"ስለዚ"
"lex_ti_knj_if2",word,"እንተ"
"lex_ti_knj_altho",word,"እኳ እንተኾነ"
"lex_ti_lw2_irrgt",word,"ምስትምቓር ማይ"
"lex_ti_lw2_trctr",word,"ትራክተር"
"lex_ti_lw2_fert",word,"ድኹዒ"
"lex_ti_lw2_hrvst2",word,"ዓጺዱ"
"lex_ti_lct_bright",word,"ብሩህ"
"lex_ti_lct_dark2",word,"ጸልማት"
"lex_ti_lct_shdw",word,"ጽላል"
"lex_ti_lct_shine",word,"ብርሃነ"
"lex_ti_mng_agree",word,"ተሰማምዐ"
"lex_ti_mng_disagr",word,"ኣይተሰማምዐን"
"lex_ti_mng_think2",word,"ሓሰበ"
"lex_ti_mng_opnn",word,"ርእይቶ"
"lex_ti_mng_maybe2",word,"ምናልባት"
"lex_ti_mng2_full2",word,"መሊኡ"
"lex_ti_mng2_empty2",word,"ጥርሙስ"
"lex_ti_mng2_many2",word,"ብዙሕ"
"lex_ti_mng2_few2",word,"ውሑድ"
"lex_ti_mng2_enough",word,"እኹል"
"lex_ti_mbf_sim",word,"ሲም ካርድ"
"lex_ti_mbf_sgnl",word,"ምልክት ተለፎን"
"lex_ti_mbf_call",word,"ደወለ"
"lex_ti_mbf_txt",word,"ጽሓፈ መልእኽቲ"
"lex_ti_mbf_ntwk",word,"መርበብ ተለፎን"
"lex_ti_ntp_callplc",word,"ንፖሊስ ደውሉ"
"lex_ti_ntp_imlost",word,"ጠፊአ ኣለኹ"
"lex_ti_ntp_needdoc",word,"ሓኪም የድልየኒ ኣሎ"
"lex_ti_ntp_isok",word,"ጽቡቕ ዲኻ ዘለኻ"
"lex_ti_opt_test",word,"ምርመራ ዓይኒ"
"lex_ti_opt_lens2",word,"ናይ ዓይኒ መነጽር"
"lex_ti_opt_blur",word,"ደፊኡ ዝርአ"
"lex_ti_opt_see",word,"ረኣየ"
"lex_ti_pos_betwn",word,"ኣብ ማእከል"
"lex_ti_pos_around",word,"ኣብ ከባቢ"
"lex_ti_pos_oppst",word,"ኣንጻር"
"lex_ti_pos_nextto",word,"ጎድኒ"
"lex_ti_schm_btfl",word,"ጽንብላሊዕ"
"lex_ti_schm_bee",word,"ንህቢ"
"lex_ti_schm_ant",word,"ጻጸ"
"lex_ti_schm_spdr",word,"ሳሬት"
"lex_ti_schm_cttp",word,"ደቦል"
"lex_ti_snp_eldr",word,"ዓባይ ሰብ"
"lex_ti_snp_care",word,"ክንክን"
"lex_ti_snp_cane",word,"በትሪ"
"lex_ti_snp_hlp2",word,"ተኸናኸነ"
"lex_ti_smt_hwru",word,"ከመይ ቀኒኻ"
"lex_ti_smt_nice2",word,"ደስ ኢሉኒ ርኢኻ"
"lex_ti_smt_lngtim",word,"ነዊሕ ግዜ ኮይኑ"
"lex_ti_smt_whtsnw",word,"እንታይ ሓድሽ ነገር ኣሎ"
"lex_ti_stx_incm",word,"ግብሪ እቶት"
"lex_ti_stx_vat",word,"ግብሪ ሽያጥ"
"lex_ti_stx_offc",word,"ቤት ጽሕፈት ግብሪ"
"lex_ti_stx_decl",word,"ኣፍለጠ ግብሪ"
"lex_ti_smk_cart",word,"ዓረብያ ግዢ"
"lex_ti_smk_cshr",word,"ኣብ ካሽር ዘሎ"
"lex_ti_smk_shlf2",word,"ራፍ ድኳን"
"lex_ti_smk_recpt",word,"ቅብሊት ግዢ"
"lex_ti_tst_ptrl",word,"ቤንዚን"
"lex_ti_tst_fill",word,"መልአ ነዳዲ"
"lex_ti_tst_pump",word,"መስፈሪ ነዳዲ"
"lex_ti_tst_diesl",word,"ናፍጣ"
"lex_ti_tkp_broken2",word,"ኣይሰርሕን ኣሎ"
"lex_ti_tkp_lowbatt",word,"ባትሪ ወዲኡ"
"lex_ti_tkp_nosgnl",word,"ምልክት የለን"
"lex_ti_tkp_restrt",word,"ዳግማይ ጀመረ"
"lex_ti_tmp_hot2",word,"ውዑይ"
"lex_ti_tmp_cool2",word,"ዝሑል ንፋስ"
"lex_ti_tmp_boil",word,"ኣውጠጠ"
"lex_ti_tmp_freez",word,"ተረግአ"
"lex_ti_tpf_leash",word,"ገመድ ከልቢ"
"lex_ti_tpf_vet2",word,"ክሊኒክ እንስሳ"
"lex_ti_tpf_vccn",word,"ክታበት እንስሳ"
"lex_ti_tpf_grm",word,"ምጽራይ እንስሳ"
"lex_ti_trm_sleep2",word,"ደቀሰ"
"lex_ti_trm_wake",word,"ተንስአ"
"lex_ti_trm_dream2",word,"ሓለመ"
"lex_ti_trm_nghtmr",word,"ሕማቕ ሕልሚ"
"lex_ti_trm_snor",word,"ኣንኮርኮረ"
"lex_ti_vrb_seeya",word,"ክሳብ ንርኣኣይ"
"lex_ti_vrb_gdnght",word,"ደሓን ሕደር"
"lex_ti_vrb_takecre",word,"ተጠንቀቕ ብዛዕባ ርእስኻ"
"lex_ti_vrb_gosafe",word,"ብደሓን ኪድ"
"lex_ti_vrd_change2",word,"ቀየረ"
"lex_ti_vrd_grow2",word,"ወሰኸ"
"lex_ti_vrd_decrs",word,"ነከየ"
"lex_ti_vrd_stop2",word,"ደው ኣበለ"
"lex_ti_vrd_cntnu",word,"ቀጸለ"
"lex_ti_vg2_same2",word,"ማዕረ ማዕረ"
"lex_ti_vg2_diff2",word,"ፍልይ ዝበለ"
"lex_ti_vg2_best2",word,"ዝበለጸ"
"lex_ti_vg2_worst2",word,"ዝኸፍአ"
"lex_ti_vg2_more2",word,"ዝያዳ"
"lex_ti_wta_niceday",word,"ጽቡቕ ኩነታት ኣየር"
"lex_ti_wta_badday",word,"ሕማቕ ኩነታት ኣየር"
"lex_ti_wta_hmdty",word,"ርሱን ኩነታት ኣየር"
"lex_ti_wta_forecast",word,"ትንበያ ኩነታት ኣየር"
"lex_ti_wns_wish2",word,"ትምኒት"
"lex_ti_wns_hope2",word,"ተስፋ ገበረ"
"lex_ti_wns_iwsh",word,"ምተመነኹ"
"lex_ti_wns_grtful",word,"ምስጉን"
"lex_ti_wns_proud2",word,"ሓበን ተሰሚዑዎ"
"lex_ti_zhn_cvty",word,"በሰበሰ ስኒ"
"lex_ti_zhn_brace",word,"ናይ ስኒ መስተኻኸሊ"
"lex_ti_zhn_pain2",word,"ቃንዛ ስኒ"
"lex_ti_zhn_extrct",word,"ስኒ ኣውጽአ"
"lex_ti_zoo_encl",word,"ግቢ እንስሳ"
"lex_ti_zoo_keepr",word,"ተኸናኻኒ እንስሳ"
"lex_ti_zoo_visit",word,"በጻሒ ናይ እንስሳ ግቢ"
"lex_ti_zoo_wld2",word,"ኣራዊት"
"lex_ti_zkp_plan3",word,"ውጥን"
"lex_ti_zkp_goal",word,"ሸቶ"
"lex_ti_zkp_intnd",word,"ወሰነ"
"lex_ti_zkp_future",word,"መጻኢ"
"lex_ti_zst2_busy2",word,"ስራሕ ዝበዝሖ"
"lex_ti_zst2_free2",word,"ናጻ ግዜ ዘለዎ"
"lex_ti_zst2_ready2",word,"ድሉው"
"lex_ti_zst2_bored",word,"ስልችት ኢሉዎ"
"lex_ti_zst2_alone2",word,"በይኑ"
"lex_ti_zst_ofcrs",word,"ብርግጽ"
"lex_ti_zst_exact2",word,"ልክዕ እዩ"
"lex_ti_zst_nway",word,"ብፍጹም ኣይኮነን"
"lex_ti_zst_prhps",word,"ይኸውን እዩ"
"sen_ti_ane_dehan",sentence,"ኣነ ደሓን እየ።"
"sen_ti_nsu_dehan",sentence,"ንሱ ደሓን እዩ።"
"sen_ti_haw_ade",sentence,"ሓወይ ምስ ኣደይ ኣሎ።"
"sen_ti_hafti_abo",sentence,"ሓፍተይ ምስ ኣቦይ ኣላ።"
"sen_ti_kelte_kolu",sentence,"ክልተ ቆልዑ ኣለዉ።"
"sen_ti_seleste_ahwat",sentence,"ሰለስተ ኣሕዋት ኣለዉ።"
"sen_ti_mai_alo",sentence,"ማይ ኣሎ።"
"sen_ti_bun_alo",sentence,"ቡን ኣሎ።"
"sen_ti_zahlen_mehr_1",sentence,"ዓሰርተ ሓደ ኣሎ።"
"sen_ti_farben_formen_1",sentence,"ቀይሕ ኣሎ።"
"sen_ti_koerper_gesundheit_1",sentence,"ርእሲ ኣሎ።"
"sen_ti_kleidung_schmuck_1",sentence,"ክዳን ኣሎ።"
"sen_ti_haus_mehr_1",sentence,"ገዛ ኣሎ።"
"sen_ti_natur_geographie_1",sentence,"ጸሓይ ኣሎ።"
"sen_ti_tiere_mehr_1",sentence,"ከልቢ ኣሎ።"
"sen_ti_zeit_mehr_1",sentence,"ሰዓት (ግዜ) ኣሎ።"
"sen_ti_berufe_staat_1",sentence,"መምህር ኣሎ።"
"sen_ti_verkehr_stadt_1",sentence,"መኪና ኣሎ።"
"sen_ti_verben_1",sentence,"ብላዕ ኣሎ።"
"sen_ti_verben_mehr_1",sentence,"ኣርኢ ኣሎ።"
"sen_ti_gefuehle_sinne_1",sentence,"ሓጎስ ኣሎ።"
"sen_ti_schule_faecher_1",sentence,"መጽሓፍ ኣሎ።"
"sen_ti_technologie_masse_1",sentence,"ተሌፎን ኣሎ።"
"sen_ti_sport_freizeit_1",sentence,"ኩዕሶ እግሪ ኣሎ።"
"sen_ti_kultur_1",sentence,"ኣምላኽ ኣሎ።"
"sen_ti_einkaufen_restaurant_1",sentence,"ገንዘብ ኣሎ።"
"sen_ti_essen_gerichte_1",sentence,"ባኒ (ገፎ) ኣሎ።"
"sen_ti_familie_pronomen_1",sentence,"ኣኮ ኣሎ።"
"sen_ti_laender_1",sentence,"ጀርመን ኣሎ።"
"sen_ti_landwirtschaft_werkzeuge_1",sentence,"ሕርሻ ኣሎ።"
"sen_ti_materialien_allgemein_1",sentence,"ጥጡፍ ኣሎ።"
"sen_ti_phrasen_ausrufe_1",sentence,"ደሓን ኩኑ ኣሎ።"
"sen_ti_adverbien_mehr_1",sentence,"ወትሩ ኣሎ።"
"sen_ti_koerperteile_mehr_1",sentence,"ሳንቡእ ኣሎ።"
"sen_ti_finanzen_arbeit_1",sentence,"ሕሳብ ባንክ ኣሎ።"
"sen_ti_fahrzeuge_buero_1",sentence,"ሞተር ኣሎ።"
"sen_ti_musik_feste_1",sentence,"ማሲንቆ ኣሎ።"
"sen_ti_charakter_vergleich_1",sentence,"ተባዕ ኣሎ።"
"sen_ti_wetter_geologie_1",sentence,"ሙቐት ኣሎ።"
"sen_ti_recht_notfall_1",sentence,"ቤት ፍርዲ ኣሎ።"
"sen_ti_kommunikation_dialog_1",sentence,"ዘተ ኣሎ።"
"sen_ti_insekten_voegel_1",sentence,"ጽንጽያ ኣሎ።"
"sen_ti_geschichte_bildung_1",sentence,"ሓበሻ ኣሎ።"
"sen_ti_gesundheit_kinder_1",sentence,"ስፔሻሊስት ሓኪም ኣሎ።"
"sen_ti_sport_reise_1",sentence,"ፈራዲ ጸወታ ኣሎ።"
"sen_ti_mathematik_mehr_1",sentence,"ሓሙሽተ ኩርናዕ ኣሎ።"
"sen_ti_mode_pflanzen_1",sentence,"ፋሽን ኣሎ።"
"sen_ti_kochen_wissenschaft_1",sentence,"ቀቅል ኣሎ።"
"sen_ti_beziehungen_emotionen_1",sentence,"ፍትወት ኣሎ።"
"sen_ti_wohnen_1",sentence,"ክራይ ኣሎ።"
"sen_ti_verben_adjektive_1",sentence,"ከፈተ ኣሎ።"
"sen_ti_praepositionen_1",sentence,"ኣብ ልዕሊ ኣሎ።"
"sen_ti_medizin_1",sentence,"ሆስፒታል ኣሎ።"
"sen_ti_technologie_mehr_1",sentence,"መባትር ኣሎ።"
"sen_ti_umwelt_medien_1",sentence,"ኣየር ብከላ ኣሎ።"
"sen_ti_hobbys_1",sentence,"ንባብ ኣሎ።"
"sen_ti_laender_mehr_1",sentence,"ኤርትራ ኣሎ።"
"sen_ti_sport_mehr2_1",sentence,"ተኒስ ኣሎ።"
"sen_ti_berufe_mehr_1",sentence,"ፓይሎት ኣሎ።"
"sen_ti_wetter_mehr_1",sentence,"ቀስተ ደመና ኣሎ።"
"sen_ti_kleidung_mehr_1",sentence,"ናይ ድቃስ ክዳን ኣሎ።"
"sen_ti_recht_mehr_1",sentence,"ቅዋም ኣሎ።"
"sen_ti_meerestiere_1",sentence,"ዓሳ ኣሎ።"
"sen_ti_spielzeug_1",sentence,"ባምቡላ ኣሎ።"
"sen_ti_buero_waehrung_1",sentence,"ብርዒ ኣሎ።"
"sen_ti_moebel_kueche_1",sentence,"ሶፋ ኣሎ።"
"sen_ti_bauernhof_landschaft_1",sentence,"ላም ኣሎ።"
"sen_ti_post_hygiene_1",sentence,"ደብዳበ ኣሎ።"
"sen_ti_phrasen_ausrufe_mehr_1",sentence,"ኣይትሓዘለይ ኣሎ።"
"sen_ti_verkehr_flughafen_1",sentence,"ቀያሕ መብራህቲ ኣሎ።"
"sen_ti_sinne_farben_1",sentence,"ተመልከተ ኣሎ።"
"sen_ti_literatur_1",sentence,"መጽሓፍ ኣሎ።"
"sen_ti_versicherung_reparatur_1",sentence,"ውሕስነት ኣሎ።"
"sen_ti_umzug_nachbarschaft_1",sentence,"ካርቶን ኣሎ።"
"sen_ti_schwangerschaft_1",sentence,"ጥንሲ ኣሎ።"
"sen_ti_handwerk_baustelle_1",sentence,"ሸማ ምሽራም ኣሎ።"
"sen_ti_richtungen_uhrzeit_1",sentence,"ጸጋም ኣሎ።"
"sen_ti_universitaet_sprachlernen_1",sentence,"ኮለጅ ኣሎ።"
"sen_ti_bankdienste_1",sentence,"መኪና ገንዘብ ኣሎ።"
"sen_ti_picknick_strand_1",sentence,"ቅርጫት ኣሎ።"
"sen_ti_wanderung_1",sentence,"መንገዲ ጎቦ ኣሎ።"
"sen_ti_planeten_mineralien_1",sentence,"ማርስ ኣሎ።"
"sen_ti_baeume_blumen_1",sentence,"ኮኮስ ኣሎ።"
"sen_ti_gewuerze_backen_1",sentence,"ፉል ፑልጳሊት ኣሎ።"
"sen_ti_getreide_1",sentence,"ሩዝ ኣሎ።"
"sen_ti_diplomatie_1",sentence,"ኣምባሳደር ኣሎ።"
"sen_ti_internetbegriffe_1",sentence,"ገጽ መርበብ ኣሎ።"
"sen_ti_haustiere_spielplatz_1",sentence,"ከልቢ ኣሎ።"
"sen_ti_tanzen_gastfreundschaft_1",sentence,"ስዕስዐ ኣሎ።"
"sen_ti_raumfahrt_archaeologie_1",sentence,"ሮኬት ኣሎ።"
"sen_ti_chemie_computerhardware_1",sentence,"ንጥረ ነገር ኣሎ።"
"sen_ti_wildtiere_1",sentence,"ኣንበሳ ኣሎ።"
"sen_ti_elektrizitaet_fabrik_1",sentence,"ፕላግ ኣሎ።"
"sen_ti_feuerwehr_notdienste_1",sentence,"ሓዊ ኣሎ።"
"sen_ti_flugzeugteile_fotografie_1",sentence,"ክንፊ ኣሎ።"
"sen_ti_friseursalon_schneiderei_1",sentence,"መቑረጺ ኣሎ።"
"sen_ti_gaerten_gartengeraete_1",sentence,"ሳዕሪ ደምበ ኣሎ።"
"sen_ti_hochzeitsfeier_1",sentence,"ክዳን መርዓት ኣሎ።"
"sen_ti_brettspiele_jahrmarkt_1",sentence,"ዳይስ ኣሎ።"
"sen_ti_seefahrt_gewaesser_1",sentence,"ሽራዕ ኣሎ።"
"sen_ti_sicherheit_verpackung_1",sentence,"ኣላርም ድሕነት ኣሎ።"
"sen_ti_veranstaltung_zirkus_1",sentence,"ኮንሰርት ኣሎ።"
"sen_ti_textilien_mode2_1",sentence,"ጡጥ ኣሎ።"
"sen_ti_reinigung_kunstwerke_1",sentence,"መስሓቢ ዶኻ ኣሎ።"
"sen_ti_modeaccessoires_bergbau_1",sentence,"መነጽር ጸሓይ ኣሎ።"
"sen_ti_kalligraphie_gastronomie_1",sentence,"ብርዒ ጽሕፈት ኣሎ።"
"sen_ti_zoo_wildpflege_1",sentence,"ግቢ እንስሳ ኣሎ።"
"sen_ti_gletscher_schmetterlinge_1",sentence,"በረድ (ኣካል) ኣሎ።"
"sen_ti_flohmarkt_supermarkt_1",sentence,"ዝተጠቕመሉ ኣሎ።"
"sen_ti_optik_zahnarzt_1",sentence,"ምርመራ ዓይኒ ኣሎ።"
"sen_ti_brauerei_kaffeezeremonie_1",sentence,"ኣፍረየ ስዋ ኣሎ።"
"sen_ti_erstehilfe_notdienste2_1",sentence,"ላስቲክ ቁስሊ ኣሎ።"
"sen_ti_mobilfunk_technikphrasen_1",sentence,"ሲም ካርድ ኣሎ።"
"sen_ti_steuern_immobilien_1",sentence,"ግብሪ እቶት ኣሎ።"
"sen_ti_architektur_denkmal_1",sentence,"ግንባር ህንጻ ኣሎ።"
"sen_ti_seniorenpflege_jugend_1",sentence,"ዓባይ ሰብ ኣሎ።"
"sen_ti_energie2_landwirtschaft2_1",sentence,"ሓይሊ ንፋስ ኣሎ።"
"sen_ti_fleischerei_baeckerei_1",sentence,"ስጋ ሸያጣይ ኣሎ።"
"sen_ti_tankstelle_bibliothek_1",sentence,"ቤንዚን ኣሎ።"
"sen_ti_gesten_koerperhaltung_1",sentence,"ኢዱ ወዘወዘ ኣሎ።"
"sen_ti_briefmarken_traeume_1",sentence,"ኣከቓቕባ ኣሎ።"
"sen_ti_gewohnheiten_meinungen_1",sentence,"መዓልታዊ ኣሎ።"
"sen_ti_konflikt_zustimmung_1",sentence,"ተኻራኸረ ኣሎ።"
"sen_ti_erinnerung_zukunftsplaene_1",sentence,"ዘከረ ኣሎ።"
"sen_ti_hoeflichkeit_zustaende_1",sentence,"ስነ ምግባር ኣሎ።"
"sen_ti_bewegung_koerperfunktionen_1",sentence,"ነጠረ ኣሎ።"
"sen_ti_geraeusche_licht_1",sentence,"ዓው ዝበለ ኣሎ።"
"sen_ti_temperatur_form_textur_1",sentence,"ውዑይ ኣሎ።"
"sen_ti_menge_gefahren_1",sentence,"መሊኡ ኣሎ።"
"sen_ti_veraenderung_vergleiche2_1",sentence,"ቀየረ ኣሎ።"
"sen_ti_position_haeufigkeit_1",sentence,"ኣብ ማእከል ኣሎ።"
"sen_ti_konjunktionen_geld_ausdruecke_1",sentence,"ከምኡውን ኣሎ።"
"sen_ti_wetterausdruecke_verabschiedung_1",sentence,"ጽቡቕ ኩነታት ኣየር ኣሎ።"
"sen_ti_smalltalk_notfallphrasen_1",sentence,"ከመይ ቀኒኻ ኣሎ።"
"sen_ti_gluecksphrasen_wuensche_1",sentence,"እንቋዕ ሓጎሰካ ኣሎ።"
"sen_ti_dahlak_mai_bun",sentence,"ማይ ኣሎ፣ ከምኡውን ቡን ኣሎ።"
"sen_ti_dahlak_geza_siga",sentence,"ገዛ ኣሎ፣ ግን ስጋ ኣሎ።"
"sen_ti_dahlak_bani_shai",sentence,"ባኒ ኣሎ ወይ ሻሂ ኣሎ።"
"sen_ti_dahlak_abo_ade",sentence,"ኣቦ ኣሎ፣ ስለዚ ኣደ ኣሎ።"
"sen_ti_dahlak_haw_hafti",sentence,"ሓው ኣሎ እንተ ሓፍቲ ኣሎ።"
"sen_ti_dahlak_mai_bun2",sentence,"ማይ ኣሎ፣ እኳ እንተኾነ ቡን ኣሎ።"
"sen_ti_dahlak_geza_bani",sentence,"ገዛ ኣሎ፣ ከምኡውን ባኒ ኣሎ።"
"sen_ti_dahlak_siga_mai",sentence,"ስጋ ኣሎ፣ ግን ማይ ኣሎ።"
"sen_ti_dahlak_abo_ade2",sentence,"ኣቦ ኣሎ ወይ ኣደ ኣሎ።"
"sen_ti_dahlak_haw_hafti2",sentence,"ሓው ኣሎ፣ ስለዚ ሓፍቲ ኣሎ።"
"sen_gen_selam_2",sentence,"ሰላም።"
"sen_gen_yiqeneyeley",sentence,"የቐንየለይ።"
"sen_gen_bejaka",sentence,"በጃኻ።"
"sen_gen_sidra",sentence,"ስድራ ኣሎ።"
"sen_gen_kolu",sentence,"ቆልዓ ኣሎኒ።"
"sen_gen_adki",sentence,"ዓርኪ ኣሎ።"
"sen_gen_zahl_1_2",sentence,"ሓደ ኣሎ።"
"sen_gen_zahl_4_2",sentence,"ኣርባዕተ ኣሎኒ።"
"sen_gen_zahl_5",sentence,"ሓሙሽተ ኣሎ።"
"sen_gen_bani",sentence,"ባኒ ኣሎ።"
"sen_gen_tsibhi",sentence,"ጽብሒ ኣሎኒ።"
"sen_gen_tseba",sentence,"ጸባ ኣሎ።"
"sen_gen_zahl_12",sentence,"ዓሰርተ ክልተ ኣሎ።"
"sen_gen_zahl_13",sentence,"ዓሰርተ ሰለስተ ኣሎኒ።"
"sen_gen_zahl_14",sentence,"ዓሰርተ ኣርባዕተ ኣሎ።"
"sen_gen_zahl_15",sentence,"ዓሰርተ ሓሙሽተ ኣሎኒ።"
"sen_gen_kokhay",sentence,"ንሱ ሰማያዊ እዩ።"
"sen_gen_qetsli",sentence,"ንሳ ቀጠልያ እያ።"
"sen_gen_tsaada",sentence,"ንሱ ጻዕዳ እዩ።"
"sen_gen_kekhi",sentence,"ንሳ ጸሊም እያ።"
"sen_gen_geets",sentence,"ገጽ ኣሎ።"
"sen_gen_ayni",sentence,"ዓይኒ ኣሎኒ።"
"sen_gen_afu",sentence,"ኣፍ ኣሎ።"
"sen_gen_afinca",sentence,"ኣፍንጫ ኣሎኒ።"
"sen_gen_kemis",sentence,"ቀሚሽ ኣሎ።"
"sen_gen_shurbi",sentence,"ካልሲ ኣሎኒ።"
"sen_gen_kondom",sentence,"ስረ ኣሎ።"
"sen_gen_shemis",sentence,"ካምቻ ኣሎኒ።"
"sen_gen_kotari",sentence,"ክፍሊ (ገዛ) ኣሎ።"
"sen_gen_bota",sentence,"ማዕጾ ኣሎኒ።"
"sen_gen_meskot",sentence,"መስኮት ኣሎ።"
"sen_gen_teret",sentence,"ጠረጴዛ ኣሎኒ።"
"sen_gen_wersiha",sentence,"ወርሒ ኣሎ።"
"sen_gen_kokebti",sentence,"ኮኸብ ኣሎኒ።"
"sen_gen_semay",sentence,"ሰማይ ኣሎ።"
"sen_gen_dammena",sentence,"ደበና ኣሎኒ።"
"sen_gen_dmu",sentence,"ድሙ ኣሎ።"
"sen_gen_faras",sentence,"ፈረስ ኣሎኒ።"
"sen_gen_lam",sentence,"ላም ኣሎ።"
"sen_gen_bereh",sentence,"ኣባጊዕ ኣሎኒ።"
"sen_gen_deqiqa",sentence,"ደቒቕ ኣሎ።"
"sen_gen_sekond",sentence,"ካልኢት ኣሎኒ።"
"sen_gen_mieti",sentence,"መዓልቲ ኣሎ።"
"sen_gen_lelit",sentence,"ለይቲ ኣሎኒ።"
"sen_gen_hakim",sentence,"ሓኪም ኣሎ።"
"sen_gen_neurse",sentence,"ነርስ ኣሎኒ።"
"sen_gen_gebari",sentence,"ሓረስታይ ኣሎ።"
"sen_gen_negadi",sentence,"ነጋዳይ ኣሎኒ።"
"sen_gen_awtobus",sentence,"ኣውቶቡስ ኣሎ።"
"sen_gen_babur",sentence,"ባቡር ኣሎኒ።"
"sen_gen_aeroplan",sentence,"ነፋሪት ኣሎ።"
"sen_gen_merkeb",sentence,"መርከብ ኣሎኒ።"
"sen_gen_sitay",sentence,"ስተይ።"
"sen_gen_dqs",sentence,"ደቅስ።"
"sen_gen_tesi",sentence,"ተንስእ።"
"sen_gen_hid",sentence,"ኪድ።"
"sen_gen_kfli2",sentence,"ምረጽ።"
"sen_gen_hwsi",sentence,"ቀይር።"
"sen_gen_tsri",sentence,"ኣቐምጥ።"
"sen_gen_zbti",sentence,"ኣንቅል።"
"sen_gen_hazani",sentence,"ሓዘን ኣሎ።"
"sen_gen_qurtsi",sentence,"ሕርቃን ኣሎኒ።"
"sen_gen_firhi",sentence,"ፍርሒ ኣሎ።"
"sen_gen_tmhrti",sentence,"ንሱ ሕጉስ እዩ።"
"sen_gen_ebiy",sentence,"ብርዒ ኣሎ።"
"sen_gen_wereqet",sentence,"ወረቐት ኣሎኒ።"
"sen_gen_tsihfet",sentence,"ጽሕፈት ኣሎ።"
"sen_gen_timhirti",sentence,"ትምህርቲ ኣሎኒ።"
"sen_gen_kompiuter",sentence,"ኮምፒተር ኣሎ።"
"sen_gen_intrnet",sentence,"ኢንተርነት ኣሎኒ።"
"sen_gen_msgbi",sentence,"መልእኽቲ ኣሎ።"
"sen_gen_slti",sentence,"ስእሊ (ካሜራ) ኣሎኒ።"
"sen_gen_kws",sentence,"ኩዕሶ ኣሎ።"
"sen_gen_gugsi",sentence,"ጉያ ኣሎኒ።"
"sen_gen_wnah",sentence,"ምሕምባስ ኣሎ።"
"sen_gen_gnzabi",sentence,"ጸወታ ኣሎኒ።"
"sen_gen_tsli3",sentence,"ጸሎት ኣሎ።"
"sen_gen_bal2",sentence,"በዓል ኣሎኒ።"
"sen_gen_fasika",sentence,"ፋሲካ ኣሎ።"
"sen_gen_lidet",sentence,"ልደት ኣሎኒ።"
"sen_gen_wagi",sentence,"ዋጋ ኣሎ።"
"sen_gen_nakfa",sentence,"ናቕፋ ኣሎኒ።"
"sen_gen_kredit",sentence,"ካርድ ኣሎ።"
"sen_gen_kreyi",sentence,"ቅብሊት ኣሎኒ።"
"sen_gen_injera",sentence,"ጣዕሚ ኣሎ።"
"sen_gen_ficn",sentence,"ፍረታት ኣሎኒ።"
"sen_gen_hxavi",sentence,"ኣሕምልቲ ኣሎ።"
"sen_gen_bnbn",sentence,"ሙዝ ኣሎኒ።"
"sen_gen_haltey",sentence,"ሓትኖ ኣሎ።"
"sen_gen_wediHi",sentence,"ወዲ ሓው ኣሎኒ።"
"sen_gen_gwadu",sentence,"ጓል ሓው ኣሎ።"
"sen_gen_abay",sentence,"ዓባይ ኣሎኒ።"
"sen_gen_swden",sentence,"ስዊድን ኣሎ።"
"sen_gen_hollandi",sentence,"ሆላንድ ኣሎኒ።"
"sen_gen_ingliz",sentence,"እንግሊዝ ኣሎ።"
"sen_gen_faransa",sentence,"ፈረንሳ ኣሎኒ።"
"sen_gen_agdi",sentence,"ግራት ኣሎ።"
"sen_gen_zerie",sentence,"ዘርኢ ኣሎኒ።"
"sen_gen_asrha",sentence,"ምሕራስ ኣሎ።"
"sen_gen_asisi",sentence,"ምእካብ ኣሎኒ።"
"sen_gen_suf2",sentence,"ሱፍ ኣሎ።"
"sen_gen_geldi2",sentence,"ቆርበት (ንብረት) ኣሎኒ።"
"sen_gen_bret2",sentence,"ብርጭቆ (ንብረት) ኣሎ።"
"sen_gen_plastik_2",sentence,"ላስቲክ ኣሎኒ።"
"sen_gen_kesela",sentence,"ደሓን ሓደር።"
"sen_gen_dhnbot",sentence,"ደሓን ንበር።"
"sen_gen_bruk_mb",sentence,"እንቋዕ ደሓን መጻእካ።"
"sen_gen_kemzi",sentence,"ከመይ ኣለኻ።"
"sen_gen_brvo",sentence,"ጽቡቕ ኢኻ ገይርካ።"
"sen_gen_hlkm",sentence,"ደሓን'ዩ።"
"sen_gen_hgz",sentence,"ቀልጢፍካ!"
"sen_gen_nkm2",sentence,"ተጠንቀቕ።"
"sen_gen_kwlyt",sentence,"ኩሊት ኣሎ።"
"sen_gen_hymt",sentence,"ማህጸን ኣሎኒ።"
"sen_gen_kbdi3",sentence,"ኣንጀት ኣሎ።"
"sen_gen_dmg",sentence,"ሓንጎል ኣሎኒ።"
"sen_gen_lezhi",sentence,"ልቓሕ ኣሎ።"
"sen_gen_wraq2",sentence,"ወለድ ኣሎኒ።"
"sen_gen_qmz",sentence,"ዕቋር ኣሎ።"
"sen_gen_hzbti2",sentence,"ወጻኢታት ኣሎኒ።"
"sen_gen_gm2",sentence,"ጎማ (መኪና) ኣሎ።"
"sen_gen_mfth2",sentence,"መፍትሕ መኪና ኣሎኒ።"
"sen_gen_msln",sentence,"መስኮት መኪና ኣሎ።"
"sen_gen_bnzn",sentence,"ነዳዲ ኣሎኒ።"
"sen_gen_kbro",sentence,"ከበሮ ኣሎ።"
"sen_gen_wshnt",sentence,"ዋሽንት ኣሎኒ።"
"sen_gen_gitar",sentence,"ጊታር ኣሎ።"
"sen_gen_pyano",sentence,"ፒያኖ ኣሎኒ።"
"sen_gen_frhan",sentence,"ንሱ ፈራሕ እዩ።"
"sen_gen_srhtnk",sentence,"ንሳ ትግሃት ዘለዎ እያ።"
"sen_gen_kslti",sentence,"ንሱ ህኩይ እዩ።"
"sen_gen_amnti",sentence,"ንሳ እሙን እያ።"
"sen_gen_brdti",sentence,"ብርዲ ኣሎ።"
"sen_gen_ntsti",sentence,"ንፋስ ብርቱዕ ኣሎኒ።"
"sen_gen_swus",sentence,"ግመ ኣሎ።"
"sen_gen_hlmi2",sentence,"ንፍሒ ማይ ኣሎኒ።"
"sen_gen_frdi2",sentence,"ፈራዲ ኣሎ።"
"sen_gen_wnzk",sentence,"ገበን ኣሎኒ።"
"sen_gen_habsti",sentence,"ማእሰርቲ ኣሎ።"
"sen_gen_shhda",sentence,"ምስክር ኣሎኒ።"
"sen_gen_krbi2",sentence,"ክትዕ ኣሎ።"
"sen_gen_nqfi",sentence,"ምኽሪ ኣሎኒ።"
"sen_gen_wed2",sentence,"ውሳነ ኣሎ።"
"sen_gen_hbrti3",sentence,"ስምምዕ ኣሎኒ።"
"sen_gen_pparfl",sentence,"ጃርት ኣሎ።"
"sen_gen_bqbq",sentence,"ኣንበጣ ልሙድ ኣሎኒ።"
"sen_gen_qwrmb",sentence,"ደናግር ኣሎ።"
"sen_gen_zabab",sentence,"ኣንበጣ በረኻ ኣሎኒ።"
"sen_gen_kolnl",sentence,"ግዝኣት ኣሎ።"
"sen_gen_shhab",sentence,"ሰውራ ኣሎኒ።"
"sen_gen_shhid",sentence,"ስዉእ ኣሎ።"
"sen_gen_zbn",sentence,"ዘበን ኣሎኒ።"
"sen_gen_alrji",sentence,"ኣለርጂ ኣሎ።"
"sen_gen_sksh",sentence,"ተላጋቢ ሕማም ኣሎኒ።"
"sen_gen_klya",sentence,"ክታበት ኣሎ።"
"sen_gen_snbulet",sentence,"ስንብራት ኣሎኒ።"
"sen_gen_gol",sentence,"ጎል ኣሎ።"
"sen_gen_neqti",sentence,"ነጥቢ (ጸወታ) ኣሎኒ።"
"sen_gen_gwadl",sentence,"ጋንታ ተጻዋቲ ኣሎ።"
"sen_gen_medl",sentence,"ሜዳልያ ኣሎኒ።"
"sen_gen_sdsi",sentence,"ገጽ ሽድሽተ ኣሎ።"
"sen_gen_kzln",sentence,"ፐርሰንት ኣሎኒ።"
"sen_gen_kzr2",sentence,"ቅርጺ ኣሎ።"
"sen_gen_hntu",sentence,"ስፍሓት ገጽ ኣሎኒ።"
"sen_gen_stayl",sentence,"ቅዲ ኣሎ።"
"sen_gen_msfi",sentence,"ንሱ ልክዕ ዝኾነ እዩ።"
"sen_gen_frti",sentence,"ንሳ ገፊሕ እያ።"
"sen_gen_tsbabi",sentence,"ንሱ ጽኑዕ (ክዳን) እዩ።"
"sen_gen_ktfi",sentence,"ጥበስ።"
"sen_gen_kwyi",sentence,"ጥበስ (ምድጓ)።"
"sen_gen_kzri2",sentence,"ቁረጽ።"
"sen_gen_hlti",sentence,"ሓውስ።"
"sen_gen_srhbi",sentence,"ዕርክነት ኣሎ።"
"sen_gen_frid",sentence,"ፍትሕ ኣሎኒ።"
"sen_gen_mekyd",sentence,"ብጻይ ኣሎ።"
"sen_gen_hgb",sentence,"ብፍቕሪ ምጥያስ።"
"sen_gen_bealgz",sentence,"ወነንቲ ገዛ ኣሎ።"
"sen_gen_kraygz",sentence,"ተኻራዪ ኣሎኒ።"
"sen_gen_hntsa",sentence,"ህንጻ ኣሎ።"
"sen_gen_apartment",sentence,"ኣፓርታማ ኣሎኒ።"
"sen_gen_vb3_zegede",sentence,"ዓጸወ።"
"sen_gen_vb3_wesede",sentence,"ወሰደ።"
"sen_gen_vb3_hzq",sentence,"ሓዘ።"
"sen_gen_vb3_hade",sentence,"ኣረከበ።"
"sen_gen_vb3_temharkabe",sentence,"ተመሃረ።"
"sen_gen_vb3_redae",sentence,"ረድአ።"
"sen_gen_vb3_delede",sentence,"ደለየ።"
"sen_gen_vb3_gorede",sentence,"ጎረደ።"
"sen_gen_med_nrsi",sentence,"ነርስ ኣሎ።"
"sen_gen_med_medhanit",sentence,"መድሃኒት ኣሎኒ።"
"sen_gen_med_shirit",sentence,"ስርየት ኣሎ።"
"sen_gen_med_hmam",sentence,"ሕማም ኣሎኒ።"
"sen_gen_tec2_sfrl",sentence,"ቃል ምስጢር ኣሎ።"
"sen_gen_tec2_apka",sentence,"መተግበሪ ኣሎኒ።"
"sen_gen_tec2_shrke",sentence,"ኣካፈለ።"
"sen_gen_tec2_ansl",sentence,"ኣውረደ።"
"sen_gen_umw_qyrnt",sentence,"ጽሬት ከባቢ ኣሎ።"
"sen_gen_umw_dqla",sentence,"ጫካ ኣሎኒ።"
"sen_gen_umw_bzhr",sentence,"ዳግማይ ምጥቃም ኣሎ።"
"sen_gen_umw_ktkb",sentence,"ጎሓፍ ኣሎኒ።"
"sen_gen_hby_ssla",sentence,"ስእሊ ምስኣል ኣሎ።"
"sen_gen_hby_zfen2",sentence,"ምስማዕ ደርፊ ኣሎኒ።"
"sen_gen_hby_cnq",sentence,"ምስራሕ ኣትክልቲ ኣሎ።"
"sen_gen_hby_msyq",sentence,"ምስራሕ ኢድ ኣሎኒ።"
"sen_gen_ld2_ityop",sentence,"ኢትዮጵያ ኣሎ።"
"sen_gen_ld2_sudan",sentence,"ሱዳን ኣሎኒ።"
"sen_gen_ld2_gbtsi",sentence,"ግብጺ ኣሎ።"
"sen_gen_ld2_somal",sentence,"ሶማልያ ኣሎኒ።"
"sen_gen_sp3_bskt",sentence,"ኩዕሶ ጣውላ ኣሎ።"
"sen_gen_sp3_golf",sentence,"ጎልፍ ኣሎኒ።"
"sen_gen_sp3_grmn",sentence,"ጅምናስቲክ ኣሎ።"
"sen_gen_sp3_krte",sentence,"ካራተ ኣሎኒ።"
"sen_gen_brf2_ingnr",sentence,"ኢንጂነር ኣሎ።"
"sen_gen_brf2_arkte",sentence,"ስነ-ህንጻ ኣሎኒ።"
"sen_gen_brf2_farms",sentence,"ፋርማሲስት ኣሎ።"
"sen_gen_brf2_vetrn",sentence,"ሓኪም እንስሳ ኣሎኒ።"
"sen_gen_wt2_mbrq",sentence,"መብረቕ ኣሎ።"
"sen_gen_wt2_nqts",sentence,"ነጎዳ ኣሎኒ።"
"sen_gen_wt2_bred",sentence,"በረድ ኣሎ።"
"sen_gen_wt2_dmna",sentence,"ደመና ኣሎኒ።"
"sen_gen_kl2_ntgr",sentence,"ውሽጣዊ ክዳን ኣሎ።"
"sen_gen_kl2_zenb",sentence,"ናይ ዝናብ ካፖርት ኣሎኒ።"
"sen_gen_kl2_astl",sentence,"ናይ እግሪ ጫማ ኣሎ።"
"sen_gen_kl2_sndl",sentence,"ሳንዳል ኣሎኒ።"
"sen_gen_r2_frdgr",sentence,"ፍትሒ ኣሎ።"
"sen_gen_r2_ktrfw",sentence,"መቕጻዕቲ ኣሎኒ።"
"sen_gen_r2_kwtn",sentence,"ውሕስነት ገንዘብ ኣሎ።"
"sen_gen_r2_kls2",sentence,"ክሲ ኣሎኒ።"
"sen_gen_mrt_shrq",sentence,"ሻርክ ኣሎ።"
"sen_gen_mrt_dlfn",sentence,"ደልፊን ኣሎኒ።"
"sen_gen_mrt_ankm",sentence,"ስሙኽ ዓሳ ኣሎ።"
"sen_gen_mrt_srtn",sentence,"ሸርጣን ኣሎኒ።"
"sen_gen_spz_mkna3",sentence,"ናይ ጸወታ መኪና ኣሎ።"
"sen_gen_spz_blon",sentence,"ባሎኒ ኣሎኒ።"
"sen_gen_spz_pzli",sentence,"ፐዝል ኣሎ።"
"sen_gen_spz_kuis",sentence,"ኩዕሶ ንኡስ ኣሎኒ።"
"sen_gen_bro_msmr2",sentence,"ርሳስ ኣሎ።"
"sen_gen_bro_wrqt",sentence,"ወረቐት ኣሎኒ።"
"sen_gen_bro_mzgb2",sentence,"ካታሎግ ኣሎ።"
"sen_gen_bro_agr",sentence,"ኣጀንዳ ኣሎኒ።"
"sen_gen_mbl_rgal",sentence,"ራፍ ኣሎ።"
"sen_gen_mbl_shelf",sentence,"ናይ መጻሕፍቲ ደርቢ ኣሎኒ።"
"sen_gen_mbl_ntt",sentence,"ናይ ስራሕ ጠረጴዛ ኣሎ።"
"sen_gen_mbl_drwr",sentence,"ካቢነት ኣሎኒ።"
"sen_gen_bh_bgei",sentence,"በጊዕ ኣሎ።"
"sen_gen_bh_ghri",sentence,"ኣጣል ኣሎኒ።"
"sen_gen_bh_derho",sentence,"ደርሆ ኣሎ።"
"sen_gen_bh_ferase",sentence,"ፈረስ ኣሎኒ።"
"sen_gen_pst_pkg",sentence,"ፓኮ ኣሎ።"
"sen_gen_pst_stmp",sentence,"ቴምብር ኣሎኒ።"
"sen_gen_pst_pbox",sentence,"ናይ ደብዳበ ሳንዱቕ ኣሎ።"
"sen_gen_pst_adrs",sentence,"ኣድራሻ ኣሎኒ።"
"sen_gen_ph2_hwn",sentence,"ጽቡቕ ጉዕዞ።"
"sen_gen_ph2_gzm",sentence,"ጽቡቕ ትምኒት።"
"sen_gen_ph2_kfu",sentence,"ኣይትሸበር።"
"sen_gen_ph2_slm2",sentence,"ብድሓን ኩን።"
"sen_gen_vk2_krzg",sentence,"መስቀላዊ መገዲ ኣሎ።"
"sen_gen_vk2_stau",sentence,"መጨናነቕ መገዲ ኣሎኒ።"
"sen_gen_vk2_prkp",sentence,"ጣቢያ መኪና ኣሎ።"
"sen_gen_vk2_lcns",sentence,"ፍቓድ መንዳቢ ኣሎኒ።"
"sen_gen_sn2_smell",sentence,"ሽታ ኣስተንፈሰ።"
"sen_gen_sn2_taste",sentence,"ጠዓሞ።"
"sen_gen_sn2_touch",sentence,"ተንከየ።"
"sen_gen_sn2_hear",sentence,"ሰምዐ።"
"sen_gen_lit_awtr",sentence,"ደራሲ ኣሎ።"
"sen_gen_lit_chptr",sentence,"ምዕራፍ ኣሎኒ።"
"sen_gen_lit_pom",sentence,"ግጥሚ ኣሎ።"
"sen_gen_lit_novl",sentence,"ልቢ ወለድ ኣሎኒ።"
"sen_gen_vsc_prem",sentence,"ወርሓዊ ክፍሊት ውሕስነት ኣሎ።"
"sen_gen_vsc_clm",sentence,"ጠለብ ካሕሳ ኣሎኒ።"
"sen_gen_vsc_kahisa",sentence,"ካሕሳ ኣሎ።"
"sen_gen_vsc_rsk",sentence,"ሓደጋ (ተኽእሎ) ኣሎኒ።"
"sen_gen_umz_trck",sentence,"መኪና ጽዕነት ኣሎ።"
"sen_gen_umz_rnt",sentence,"ተኻረየ።"
"sen_gen_umz_own",sentence,"ወነነ።"
"sen_gen_umz_lease",sentence,"ውዕል ክራይ ኣሎኒ።"
"sen_gen_swg_brth",sentence,"ወሊድ ኣሎ።"
"sen_gen_swg_baby",sentence,"ህጻን ኣሎኒ።"
"sen_gen_swg_midw",sentence,"መሕረሲት ኣሎ።"
"sen_gen_swg_cradl",sentence,"ዓራት ህጻን ኣሎኒ።"
"sen_gen_hwk_pot",sentence,"ስራሕ ሸክላ ኣሎ።"
"sen_gen_hwk_carve",sentence,"ቀሪጹ ሰርሐ።"
"sen_gen_hwk_embr",sentence,"ጥልፊ ኣሎኒ።"
"sen_gen_hwk_sblv",sentence,"ስራሕ ብራና ኣሎ።"
"sen_gen_rcx_rgt",sentence,"የማን ኣሎ።"
"sen_gen_rcx_strt",sentence,"ትኽ ኢልካ።"
"sen_gen_uhr_half",sentence,"ፈረቓ ኣሎኒ።"
"sen_gen_uhr_qrtr",sentence,"ርብዒ ኣሎ።"
"sen_gen_uni_prof",sentence,"ፕሮፌሶር ኣሎ።"
"sen_gen_uni_dgr",sentence,"ዲግሪ ኣሎኒ።"
"sen_gen_uni_thss",sentence,"ጥናት ኣሎ።"
"sen_gen_uni_schlr",sentence,"ናይ ትምህርቲ ደገፍ ገንዘብ ኣሎኒ።"
"sen_gen_bnk_open",sentence,"ሕሳብ ከፈተ።"
"sen_gen_bnk_trns",sentence,"ኣመሓላለፈ ገንዘብ።"
"sen_gen_bnk_wthdrw",sentence,"ገንዘብ ኣውጽአ።"
"sen_gen_bnk_dpst",sentence,"ገንዘብ ኣእተወ።"
"sen_gen_pkn_blnkt",sentence,"ናይ ሳዕሪ ልብሲ ኣሎ።"
"sen_gen_pkn_grll",sentence,"ምጥባስ ኣሎኒ።"
"sen_gen_pkn_camp",sentence,"ድንኳን ኣሎ።"
"sen_gen_pkn_sleep",sentence,"ናይ ደቃስ ቦርሳ ኣሎኒ።"
"sen_gen_wnd_pk",sentence,"ጫፍ ጎቦ ኣሎ።"
"sen_gen_wnd_cmps",sentence,"ኮምፓስ ኣሎኒ።"
"sen_gen_wnd_bkpck",sentence,"ሳንጣ ዝባን ኣሎ።"
"sen_gen_wnd_climb",sentence,"ደየበ።"
"sen_gen_plnt_vns",sentence,"ቬኑስ ኣሎ።"
"sen_gen_plnt_jptr",sentence,"ጁፒተር ኣሎኒ።"
"sen_gen_plnt_srn",sentence,"ሳተርን ኣሎ።"
"sen_gen_plnt_erth",sentence,"ምድሪ ኣሎኒ።"
"sen_gen_bau2_baob",sentence,"ዱባ ገረብ ኣሎ።"
"sen_gen_bau2_akaz",sentence,"ቆሓይ ኣሎኒ።"
"sen_gen_bau2_root",sentence,"ሱር ኣሎ።"
"sen_gen_bau2_brnch",sentence,"ጨንፈር ኣሎኒ።"
"sen_gen_gwz_zmt",sentence,"ቀመም ኣሎ።"
"sen_gen_gwz_grlc",sentence,"ነጭ ሽጉርቲ ኣሎኒ።"
"sen_gen_gwz_gngr",sentence,"ዝንጅብል ኣሎ።"
"sen_gen_gwz_cinn",sentence,"ቀርፋ ኣሎኒ።"
"sen_gen_gtr_barl",sentence,"ስገም ኣሎ።"
"sen_gen_gtr_mais",sentence,"ዕፉይ ኣሎኒ።"
"sen_gen_gtr_sorg",sentence,"ማሽላ ኣሎ።"
"sen_gen_gtr_lntl",sentence,"ብርስን ኣሎኒ።"
"sen_gen_dpl_embsy",sentence,"ኤምባሲ ኣሎ።"
"sen_gen_dpl_trty",sentence,"ስምምዕ ኣሎኒ።"
"sen_gen_dpl_peace",sentence,"ሰላም ኣሎ።"
"sen_gen_dpl_nego",sentence,"ዘተየ።"
"sen_gen_ibg_email",sentence,"ኢመይል ኣሎ።"
"sen_gen_ibg_srch",sentence,"ድለየ።"
"sen_gen_ibg_link",sentence,"መላገጺ ኣሎኒ።"
"sen_gen_ibg_conn",sentence,"ተራኸበ (ኢንተርነት)።"
"sen_gen_hst_cat",sentence,"ድሙ ኣሎ።"
"sen_gen_hst_brd2",sentence,"ደርሁ ገዛ ኣሎኒ።"
"sen_gen_hst_fish",sentence,"ዓሳ ገዛ ኣሎ።"
"sen_gen_hst_cage",sentence,"ቤት እንስሳ ኣሎኒ።"
"sen_gen_tnz_dncr",sentence,"ሰዓሲዒ ኣሎ።"
"sen_gen_tnz_trad",sentence,"ባህላዊ ሳዕስዒት ኣሎኒ።"
"sen_gen_tnz_rhthm",sentence,"ምት ኣሎ።"
"sen_gen_tnz_drum",sentence,"ከበሮ ኣሎኒ።"
"sen_gen_rfr_atrn",sentence,"ጠፈርተኛ ኣሎ።"
"sen_gen_rfr_shp2",sentence,"መርከብ ጠፈር ኣሎኒ።"
"sen_gen_rfr_moon",sentence,"ወርሒ (ጠፈር) ኣሎ።"
"sen_gen_rfr_sat",sentence,"ሳተላይት ኣሎኒ።"
"sen_gen_chm_mlcl",sentence,"ሞለክዩል ኣሎ።"
"sen_gen_chm_ractn",sentence,"ግብረ መልሲ ኬሚካል ኣሎኒ።"
"sen_gen_chm_gas",sentence,"ጋዝ ኣሎ።"
"sen_gen_chm_liqd",sentence,"ፈሳሲ ኣሎኒ።"
"sen_gen_wld_elph",sentence,"ሓርማዝ ኣሎ።"
"sen_gen_wld_grff",sentence,"ቀርኒ ኣንበሳ ኣሎኒ።"
"sen_gen_wld_zebr",sentence,"ኣድጊ በረኻ ኣሎ።"
"sen_gen_wld_mnky",sentence,"ህበይ ኣሎኒ።"
"sen_gen_elk_swtch",sentence,"መቀየሪ ብርሃን ኣሎ።"
"sen_gen_elk_fuse",sentence,"ፊውዝ ኣሎኒ።"
"sen_gen_elk_outg",sentence,"ምቁራጽ ኤለትሪክ ኣሎ።"
"sen_gen_elk_gnrtr",sentence,"ጀነረተር ኣሎኒ።"
"sen_gen_few_smk",sentence,"ትኪ ኣሎ።"
"sen_gen_few_extg",sentence,"ኣጥፍአ (ሓዊ)።"
"sen_gen_few_hose",sentence,"ናይ ማይ ቱቦ ኣሎኒ።"
"sen_gen_few_alrm2",sentence,"ናይ ሓዊ ኣላርም ኣሎ።"
"sen_gen_flz_engn",sentence,"ሞተር ነፋሪት ኣሎ።"
"sen_gen_flz_ckpt",sentence,"ክፍሊ ፓይሎት ኣሎኒ።"
"sen_gen_flz_seat",sentence,"መንበር ነፋሪት ኣሎ።"
"sen_gen_flz_crew",sentence,"ሰራሕተኛታት ነፋሪት ኣሎኒ።"
"sen_gen_frs_dryr",sentence,"ናይ ጸጕሪ ማድረቒ ኣሎ።"
"sen_gen_frs_cut2",sentence,"ቁርጸት ጸጕሪ ኣሎኒ።"
"sen_gen_frs_braid",sentence,"ስንጭሮ ጸጕሪ ኣሎ።"
"sen_gen_frs_beard",sentence,"ጭሕሚ ኣሎኒ።"
"sen_gen_grt_hedge",sentence,"ዓጹድ ኣሎ።"
"sen_gen_grt_soil",sentence,"ሓመድ ኣሎኒ።"
"sen_gen_grt_water2",sentence,"ኣማይ ኣትክልቲ።"
"sen_gen_grt_plant2",sentence,"ተኸለ።"
"sen_gen_hzf_ring",sentence,"ቀለቤት ኣሎ።"
"sen_gen_hzf_grm",sentence,"መርዓዊ ኣሎኒ።"
"sen_gen_hzf_brd",sentence,"መርዓት ኣሎ።"
"sen_gen_hzf_wtns",sentence,"ምስክር መርዓ ኣሎኒ።"
"sen_gen_brs_domin",sentence,"ዶሚኖ ኣሎ።"
"sen_gen_brs_chkrs",sentence,"ዳማ ኣሎኒ።"
"sen_gen_brs_turn",sentence,"ተራ ኣሎ።"
"sen_gen_brs_win2",sentence,"ተዓወተ።"
"sen_gen_seef_anch",sentence,"መልሕቅ ኣሎ።"
"sen_gen_seef_hrbr",sentence,"ወደብ ኣሎኒ።"
"sen_gen_seef_saylr",sentence,"መርከበኛ ኣሎ።"
"sen_gen_seef_capt",sentence,"ካፕቴን ኣሎኒ።"
"sen_gen_sch_cam",sentence,"ካሜራ ምክትታል ኣሎ።"
"sen_gen_sch_lock2",sentence,"ምሽጋር ኣሎኒ።"
"sen_gen_sch_grd",sentence,"ሓላዊ ድሕነት ኣሎ።"
"sen_gen_sch_safe2",sentence,"ንሱ ውሑስ እዩ።"
"sen_gen_vrn_tckt2",sentence,"ትኬት ምእታው ኣሎ።"
"sen_gen_vrn_stg",sentence,"መድረኽ ኣሎኒ።"
"sen_gen_vrn_aud",sentence,"ተዓዘብቲ ኣሎ።"
"sen_gen_vrn_perf",sentence,"ትርኢት ኣሎኒ።"
"sen_gen_txt_wool",sentence,"ጸምሪ ኣሎ።"
"sen_gen_txt_silk",sentence,"ሓሪር ኣሎኒ።"
"sen_gen_txt_lthr",sentence,"ቆርበት (ናይ ክዳን) ኣሎ።"
"sen_gen_txt_fbrc",sentence,"ጨርቂ ኣሎኒ።"
"sen_gen_rng_mop",sentence,"ናይ ምድሪ መጽረዪ ኣሎ።"
"sen_gen_rng_dtrg",sentence,"ሳሙና ምሕጻብ ኣሎኒ።"
"sen_gen_rng_bin",sentence,"ሳንዱቕ ጎሓፍ ኣሎ።"
"sen_gen_rng_dust",sentence,"ሓሸሽ ኣሎኒ።"
"sen_gen_mda_wllt",sentence,"ናይ ገንዘብ ቦርሳ ኣሎ።"
"sen_gen_mda_umbrl2",sentence,"ጽላል ማይ ኣሎኒ።"
"sen_gen_mda_brclt",sentence,"ኣቢሶ ኣሎ።"
"sen_gen_mda_erng",sentence,"ቀለቤት እዝኒ ኣሎኒ።"
"sen_gen_klg_ink",sentence,"ቀለም ጽሕፈት ኣሎ።"
"sen_gen_klg_script",sentence,"ኣጸሓሕፋ ኣሎኒ።"
"sen_gen_klg_letr",sentence,"ፊደል ኣሎ።"
"sen_gen_gsn_wtr",sentence,"ኣገልጋሊ ኣሎኒ።"
"sen_gen_zoo_keepr",sentence,"ተኸናኻኒ እንስሳ ኣሎ።"
"sen_gen_zoo_visit",sentence,"በጻሒ ናይ እንስሳ ግቢ ኣሎኒ።"
"sen_gen_zoo_wld2",sentence,"ኣራዊት ኣሎ።"
"sen_gen_tpf_leash",sentence,"ገመድ ከልቢ ኣሎኒ።"
"sen_gen_glt_glcr",sentence,"ናይ በረድ ጎቦ ኣሎ።"
"sen_gen_glt_frst",sentence,"ውርጪ ኣሎኒ።"
"sen_gen_glt_pole",sentence,"ጫፍ ምድሪ ኣሎ።"
"sen_gen_schm_btfl",sentence,"ጽንብላሊዕ ኣሎኒ።"
"sen_gen_flm_brgn",sentence,"ዋጋ ምዝርራብ ኣሎ።"
"sen_gen_flm_deal",sentence,"ሕሱር ዋጋ ኣሎኒ።"
"sen_gen_flm_stall",sentence,"ንኡስ ድኳን ኣሎ።"
"sen_gen_flm_sell",sentence,"ሸጠ።"
"sen_gen_opt_lens2",sentence,"ናይ ዓይኒ መነጽር ኣሎ።"
"sen_gen_opt_blur",sentence,"ንሱ ደፊኡ ዝርአ እዩ።"
"sen_gen_opt_see",sentence,"ረኣየ።"
"sen_gen_zhn_cvty",sentence,"በሰበሰ ስኒ ኣሎኒ።"
"sen_gen_brw_ferm",sentence,"ተሓምበሰ።"
"sen_gen_brw_bril",sentence,"በርሚል ኣሎ።"
"sen_gen_brw_hops",sentence,"ሆፕስ ኣሎኒ።"
"sen_gen_kfz_bean",sentence,"ፍረ ቡን ኣሎ።"
"sen_gen_erh_kit",sentence,"ናይ ህጹጽ ረድኤት ሳንዱቕ ኣሎ።"
"sen_gen_erh_wound",sentence,"ቁስሊ ኣሎኒ።"
"sen_gen_erh_burn",sentence,"ቃጸሎ ኣሎ።"
"sen_gen_erh_faint",sentence,"ዕለብጠ።"
"sen_gen_mbf_sgnl",sentence,"ምልክት ተለፎን ኣሎ።"
"sen_gen_mbf_call",sentence,"ደወለ።"
"sen_gen_mbf_txt",sentence,"ጽሓፈ መልእኽቲ።"
"sen_gen_mbf_ntwk",sentence,"መርበብ ተለፎን ኣሎኒ።"
"sen_gen_stx_vat",sentence,"ግብሪ ሽያጥ ኣሎ።"
"sen_gen_stx_offc",sentence,"ቤት ጽሕፈት ግብሪ ኣሎኒ።"
"sen_gen_stx_decl",sentence,"ኣፍለጠ ግብሪ።"
"sen_gen_imb_prop",sentence,"ንብረት ኣሎ።"
"sen_gen_akt_plan2",sentence,"ውጥን ህንጻ ኣሎ።"
"sen_gen_akt_style2",sentence,"ስነ ህንጻ ኣገባብ ኣሎኒ።"
"sen_gen_akt_pillr",sentence,"ዓንዲ ኣሎ።"
"sen_gen_dkm_stat",sentence,"ምስሊ ሓወልቲ ኣሎኒ።"
"sen_gen_snp_care",sentence,"ክንክን ኣሎ።"
"sen_gen_snp_cane",sentence,"በትሪ ኣሎኒ።"
"sen_gen_snp_hlp2",sentence,"ተኸናኸነ።"
"sen_gen_jgd_teen",sentence,"መንእሰይ ኣሎ።"
"sen_gen_en2_hydro",sentence,"ሓይሊ ማይ ኣሎ።"
"sen_gen_en2_panel",sentence,"ናይ ጸሓይ ሰሌዳ ኣሎኒ።"
"sen_gen_en2_sstn",sentence,"ንሱ ዘላቕነት ዘለዎ እዩ።"
"sen_gen_lw2_irrgt",sentence,"ምስትምቓር ማይ ኣሎ።"
"sen_gen_flx_ssge",sentence,"ስጋ ጥቅልል ኣሎ።"
"sen_gen_flx_slghtr",sentence,"ሓረደ።"
"sen_gen_bkr_bkr2",sentence,"ባኒ ሰራሒ ኣሎኒ።"
"sen_gen_bkr_roll",sentence,"ንኡስ ባኒ ኣሎ።"
"sen_gen_tst_fill",sentence,"መልአ ነዳዲ።"
"sen_gen_tst_pump",sentence,"መስፈሪ ነዳዲ ኣሎ።"
"sen_gen_tst_diesl",sentence,"ናፍጣ ኣሎኒ።"
"sen_gen_bib_brrw",sentence,"ተለቓሒ መጽሓፍ።"
"sen_gen_gst2_nod",sentence,"ርእሱ ነቕነቐ።"
"sen_gen_gst2_shake",sentence,"ኢድ ተጣበቐ።"
"sen_gen_gst2_pnt",sentence,"ኣመልከተ (ብኢድ)።"
"sen_gen_gst2_hug",sentence,"ሓቖፈ።"
"sen_gen_brm_coin2",sentence,"ኣከቓቓቢ ሳንቲም ኣሎ።"
"sen_gen_brm_rare",sentence,"ንሱ ብዙሕ ዘይርከብ እዩ።"
"sen_gen_brm_colct",sentence,"ኣከበ።"
"sen_gen_trm_sleep2",sentence,"ደቀሰ።"
"sen_gen_gwh_rtn",sentence,"ልማድ ናብራ ኣሎ።"
"sen_gen_gwh_always2",sentence,"ወትሩ ይገብር።"
"sen_gen_gwh_habit",sentence,"ልማድ ኣሎኒ።"
"sen_gen_mng_agree",sentence,"ተሰማምዐ።"
"sen_gen_knf_fght",sentence,"ባእሲ ኣሎ።"
"sen_gen_knf_sorry2",sentence,"ይቕረ በለ።"
"sen_gen_knf_frgv",sentence,"ይቕረ ኢሉ ሓደገ።"
"sen_gen_knf_reconcl",sentence,"ተዓረቐ።"
"sen_gen_ern_forgt",sentence,"ረሲዑ።"
"sen_gen_ern_mem2",sentence,"ዝኽሪ ኣሎ።"
"sen_gen_ern_nostal",sentence,"ናፍቖት ኣሎኒ።"
"sen_gen_zkp_plan3",sentence,"ውጥን ኣሎ።"
"sen_gen_hfl_resp",sentence,"ኣኽብሮት ኣሎ።"
"sen_gen_hfl_rude",sentence,"ንሱ ግሉል እዩ።"
"sen_gen_hfl_intrp",sentence,"ኣቋረጸ።"
"sen_gen_zst2_busy2",sentence,"ንሳ ስራሕ ዝበዝሖ እያ።"
"sen_gen_bwg_crawl",sentence,"ዓንደረ።"
"sen_gen_bwg_push",sentence,"ደፍአ።"
"sen_gen_bwg_pull",sentence,"ጐተተ።"
"sen_gen_bwg_throw",sentence,"ደርበየ።"
"sen_gen_grs_quiet2",sentence,"ንሱ ህዱእ ድምጺ እዩ።"
"sen_gen_grs_noise",sentence,"ዓውታ ኣሎ።"
"sen_gen_grs_scrm",sentence,"ጨርሐ።"
"sen_gen_grs_whspr",sentence,"ሕሽኽ በለ።"
"sen_gen_tmp_cool2",sentence,"ንሱ ዝሑል ንፋስ እዩ።"
"sen_gen_tmp_boil",sentence,"ኣውጠጠ።"
"sen_gen_tmp_freez",sentence,"ተረግአ።"
"sen_gen_fmt_smooth",sentence,"ንሳ ልሱን እያ።"
"sen_gen_mng2_empty2",sentence,"ንሱ ጥርሙስ እዩ።"
"sen_gen_mng2_many2",sentence,"ንሳ ብዙሕ እያ።"
"sen_gen_mng2_few2",sentence,"ንሱ ውሑድ እዩ።"
"sen_gen_mng2_enough",sentence,"ንሳ እኹል እያ።"
"sen_gen_vrd_grow2",sentence,"ወሰኸ።"
"sen_gen_vrd_decrs",sentence,"ነከየ።"
"sen_gen_vrd_stop2",sentence,"ደው ኣበለ።"
"sen_gen_vrd_cntnu",sentence,"ቀጸለ።"
"sen_gen_vg2_worst2",sentence,"ንሱ ዝኸፍአ እዩ።"
"sen_gen_vg2_best2",sentence,"ንሳ ዝበለጸ እያ።"
"sen_gen_vg2_diff2",sentence,"ንሱ ፍልይ ዝበለ እዩ።"
"sen_gen_vg2_same2",sentence,"ንሳ ማዕረ ማዕረ እያ።"
"sen_gen_gld_broke",sentence,"ገንዘብ የብሉን።"
"sen_gen_gld_rich2",sentence,"ንሱ ሃብታም እዩ።"
"sen_gen_gld_poor2",sentence,"ንሳ ድኻ እያ።"
"sen_gen_gld_afford",sentence,"ክኸፍል ይኽእል።"
"sen_gen_wta_badday",sentence,"ሕማቕ ኩነታት ኣየር።"
"sen_gen_wta_hmdty",sentence,"ርሱን ኩነታት ኣየር።"
"sen_gen_wta_forecast",sentence,"ትንበያ ኩነታት ኣየር ኣሎ።"
"sen_gen_vrb_seeya",sentence,"ክሳብ ንርኣኣይ።"
"sen_gen_smt_nice2",sentence,"ደስ ኢሉኒ ርኢኻ።"
"sen_gen_smt_lngtim",sentence,"ነዊሕ ግዜ ኮይኑ።"
"sen_gen_smt_whtsnw",sentence,"እንታይ ሓድሽ ነገር ኣሎ።"
"sen_gen_ntp_callplc",sentence,"ንፖሊስ ደውሉ።"
"sen_gen_glp_hbday",sentence,"እንቋዕ ንልደትካ ኣብጽሓካ።"
"sen_gen_glp_gdluck",sentence,"ዕድል የሓግዘካ።"
"sen_gen_glp_wellsdo",sentence,"ጽቡቕ ገይርካ።"
"sen_gen_wns_wish2",sentence,"ትምኒት ኣሎ።"
